Water Type,HYBAS_ID,Year,Average Extent,% Extent Change
Ephemeral,2060048790,1984-1988,2.6813616345816778,13.610068447780964
Ephemeral,2060048790,1985-1989,2.7927767077486942,18.330757341576536
Ephemeral,2060048790,1986-1990,2.882409039763318,22.128505188783397
Ephemeral,2060048790,1998-2002,2.961619007590196,25.484654449105783
Ephemeral,2060048790,1999-2003,2.9063804773951367,23.14418193861782
Ephemeral,2060048790,2009-2013,2.745354950694446,16.321483771251998
Ephemeral,2060048790,2010-2014,2.595585577316521,9.975712077721404
Ephemeral,2060048790,2011-2015,2.4486302422692883,3.749172002649658
Ephemeral,2060048790,2012-2016,2.302925590924585,-2.4243762419959545
Ephemeral,2060048790,2013-2017,2.3255421212119964,-1.4661073084565224
Ephemeral,2060048790,2014-2018,2.13710577669753,-9.450209759328693
Ephemeral,2060048790,2015-2019,2.1763980896853363,-7.785383086774038
Seasonal,2060048790,1984-1988,2.178274115239129,-4.631530914898455
Seasonal,2060048790,1985-1989,2.4002704724381405,5.0878393794205
Seasonal,2060048790,1986-1990,2.4056901018157695,5.325119780971971
Seasonal,2060048790,1998-2002,2.067380160281501,-9.4866529774127
Seasonal,2060048790,1999-2003,2.130227016333616,-6.735112936344921
Seasonal,2060048790,2009-2013,1.862163809424763,-18.471366643851166
Seasonal,2060048790,2010-2014,2.316474664368656,1.419119324663554
Seasonal,2060048790,2011-2015,2.6811531872979244,17.385352498288924
Seasonal,2060048790,2012-2016,2.9717287008523114,30.10723248916275
Seasonal,2060048790,2013-2017,3.167356476656323,38.672142368241005
Seasonal,2060048790,2014-2018,3.4923257920302753,52.89984029203748
Seasonal,2060048790,2015-2019,3.6028028524203948,57.73671001597091
Permanent,2060048790,1984-1988,3.5329730123624876,-16.661339889366918
Permanent,2060048790,1985-1989,3.537871523530729,-16.54578979717269
Permanent,2060048790,1986-1990,3.457410872001322,-18.44376152427779
Permanent,2060048790,1998-2002,3.739023152354247,-11.800860479409929
Permanent,2060048790,1999-2003,3.785611120273476,-10.701905347264884
Permanent,2060048790,2009-2013,3.975506595774226,-6.222495390288867
Permanent,2060048790,2010-2014,4.125171745510274,-2.692071296865379
Permanent,2060048790,2011-2015,4.448681929897941,4.939151813153056
Permanent,2060048790,2012-2016,4.603141367160352,8.582667486170868
Permanent,2060048790,2013-2017,4.688604753499877,10.598647818070067
Permanent,2060048790,2014-2018,4.729564644757723,11.564843269821745
Permanent,2060048790,2015-2019,4.74082079808049,11.83036263060848
Ephemeral,2060048790,baseline,2.3601443703153144,
Seasonal,2060048790,baseline,2.284061111744761,
Permanent,2060048790,baseline,4.239296633366103,
Ephemeral,2060048980,1984-1988,1.380233689383339,41.7880085653105
Ephemeral,2060048980,1985-1989,1.3737718235869356,41.12419700214132
Ephemeral,2060048980,1986-1990,1.3329161559709675,36.927194860813714
Ephemeral,2060048980,1998-2002,1.1734539838984381,20.54603854389725
Ephemeral,2060048980,1999-2003,1.1150887444470547,14.550321199143498
Ephemeral,2060048980,2009-2013,0.9122695373534977,-6.284796573875763
Ephemeral,2060048980,2010-2014,0.8339975823035177,-14.325481798715142
Ephemeral,2060048980,2011-2015,0.7521820234297035,-22.730192719486023
Ephemeral,2060048980,2012-2016,0.6598398767262648,-32.216274089935716
Ephemeral,2060048980,2013-2017,0.6281558895955137,-35.471092077087754
Ephemeral,2060048980,2014-2018,0.5912607203708892,-39.26124197002138
Ephemeral,2060048980,2015-2019,0.5720835702654348,-41.2312633832976
Seasonal,2060048980,1984-1988,0.6280516659536358,38.847926267281096
Seasonal,2060048980,1985-1989,0.694337902187707,53.50230414746544
Seasonal,2060048980,1986-1990,0.720706483582707,59.331797235023046
Seasonal,2060048980,1998-2002,0.4693190593742488,3.7557603686636263
Seasonal,2060048980,1999-2003,0.48745397306092864,7.764976958525384
Seasonal,2060048980,2009-2013,0.36415740471988145,-19.493087557603616
Seasonal,2060048980,2010-2014,0.4801583181295059,6.152073732718968
Seasonal,2060048980,2011-2015,0.5737511485354742,26.8433179723503
Seasonal,2060048980,2012-2016,0.6751607520822528,49.262672811059986
Seasonal,2060048980,2013-2017,0.7610410329892883,68.24884792626736
Seasonal,2060048980,2014-2018,0.8353524896479245,84.67741935483878
Seasonal,2060048980,2015-2019,0.8448368410587743,86.77419354838716
Permanent,2060048980,1984-1988,1.0619346870895447,-39.17014925373134
Permanent,2060048980,1985-1989,1.0627684762245646,-39.12238805970148
Permanent,2060048980,1986-1990,1.0983087381047818,-37.0865671641791
Permanent,2060048980,1998-2002,1.4911276443409671,-14.58507462686568
Permanent,2060048980,1999-2003,1.5563716441562636,-10.847761194029854
Permanent,2060048980,2009-2013,1.7476220270014218,0.10746268656717332
Permanent,2060048980,2010-2014,1.8742537518825482,7.361194029850755
Permanent,2060048980,2011-2015,1.970347949693576,12.86567164179107
Permanent,2060048980,2012-2016,1.9886913106640105,13.91641791044777
Permanent,2060048980,2013-2017,1.9862941669008287,13.77910447761195
Permanent,2060048980,2014-2018,1.966595898585987,12.650746268656738
Permanent,2060048980,2015-2019,1.9936940454741297,14.202985074626906
Ephemeral,2060048980,baseline,0.9734488151355724,
Seasonal,2060048980,baseline,0.452330605748221,
Permanent,2060048980,baseline,1.7457460014476271,
Ephemeral,2060048990,1984-1988,10.801842467822897,34.82633016781582
Ephemeral,2060048990,1985-1989,10.200888948757406,27.325354494601324
Ephemeral,2060048990,1986-1990,9.911668342547426,23.715363600884658
Ephemeral,2060048990,1998-2002,8.677243528150667,8.307532197216116
Ephemeral,2060048990,1999-2003,8.703716333187545,8.637960192532892
Ephemeral,2060048990,2009-2013,7.436877966166897,-7.1744503707557445
Ephemeral,2060048990,2010-2014,7.160059973340336,-10.629634447768883
Ephemeral,2060048990,2011-2015,6.640817789506778,-17.11070638740724
Ephemeral,2060048990,2012-2016,5.984521516604348,-25.30245869650052
Ephemeral,2060048990,2013-2017,5.905519996061225,-26.288539091973405
Ephemeral,2060048990,2014-2018,5.96711616841081,-25.519708598933207
Ephemeral,2060048990,2015-2019,6.008388730594288,-25.004553141667685
Seasonal,2060048990,1984-1988,6.5716132913001335,45.65257565257564
Seasonal,2060048990,1985-1989,7.646263262698729,69.47100947100944
Seasonal,2060048990,1986-1990,7.859713281263788,74.20189420189418
Seasonal,2060048990,1998-2002,5.158861825651023,14.340494340494311
Seasonal,2060048990,1999-2003,5.7875388334559235,28.27442827442824
Seasonal,2060048990,2009-2013,6.031422155449206,33.67983367983368
Seasonal,2060048990,2010-2014,7.562884349196755,67.62300762300764
Seasonal,2060048990,2011-2015,8.516322225091852,88.75490875490874
Seasonal,2060048990,2012-2016,10.415068532815605,130.8385308385308
Seasonal,2060048990,2013-2017,11.501912670313862,154.92723492723485
Seasonal,2060048990,2014-2018,12.018861934026116,166.38484638484633
Seasonal,2060048990,2015-2019,12.666194973727086,180.7322707322707
Permanent,2060048990,1984-1988,19.60675995727346,-23.715253137608737
Permanent,2060048990,1985-1989,20.932901576522394,-18.555584842156495
Permanent,2060048990,1986-1990,21.24390492388477,-17.345552604367295
Permanent,2060048990,1998-2002,22.312614147696344,-13.187486060704378
Permanent,2060048990,1999-2003,23.975189682925752,-6.718841872630326
Permanent,2060048990,2009-2013,25.463607512577916,-0.9277995174468923
Permanent,2060048990,2010-2014,26.65029789899479,3.689300703554294
Permanent,2060048990,2011-2015,27.669917787482085,7.65637355284771
Permanent,2060048990,2012-2016,27.952676527895665,8.75651345268755
Permanent,2060048990,2013-2017,28.043246872687188,9.108898846333263
Permanent,2060048990,2014-2018,27.949028700429956,8.742320715314026
Permanent,2060048990,2015-2019,27.911508189354073,8.596338273757716
Ephemeral,2060048990,baseline,8.011671351121139,
Seasonal,2060048990,baseline,4.511841456875689,
Permanent,2060048990,baseline,25.70207120519356,
Ephemeral,2060049660,1984-1988,3.272413907668811,-19.440667094291218
Ephemeral,2060049660,1985-1989,2.891476496606658,-28.818473380372023
Ephemeral,2060049660,1986-1990,3.3047232366508275,-18.64528543938421
Ephemeral,2060049660,1998-2002,3.97946709416557,-2.0346375881975467
Ephemeral,2060049660,1999-2003,3.875035005004345,-4.605516356638854
Ephemeral,2060049660,2009-2013,3.819692251167409,-5.967928159076296
Ephemeral,2060049660,2010-2014,3.9057809793581995,-3.8486209108402463
Ephemeral,2060049660,2011-2015,3.483675229754445,-14.239897370109004
Ephemeral,2060049660,2012-2016,3.1183713649739113,-23.232841565105808
Ephemeral,2060049660,2013-2017,2.705333072213496,-33.40089801154585
Ephemeral,2060049660,2014-2018,2.7118991616517767,-33.23925593329056
Ephemeral,2060049660,2015-2019,2.5906870661482793,-36.22322001282871
Seasonal,2060049660,1984-1988,3.5493361241372496,144.73589651455262
Seasonal,2060049660,1985-1989,4.208967553579759,190.21918792669783
Seasonal,2060049660,1986-1990,4.248259866567565,192.92849443047072
Seasonal,2060049660,1998-2002,1.5994160082516584,10.283866331297142
Seasonal,2060049660,1999-2003,1.8106773303372907,24.850880344951477
Seasonal,2060049660,2009-2013,2.346907967796875,61.825368307581705
Seasonal,2060049660,2010-2014,2.9219098000348787,101.47323032698526
Seasonal,2060049660,2011-2015,3.178195735411578,119.14480776140852
Seasonal,2060049660,2012-2016,3.7253698552682963,156.8738771110312
Seasonal,2060049660,2013-2017,4.509340089470628,210.93065037729068
Seasonal,2060049660,2014-2018,4.514863942490134,211.31153431548685
Seasonal,2060049660,2015-2019,4.874643954251162,236.11929572403886
Permanent,2060049660,1984-1988,12.357901441053528,-8.541787188090554
Permanent,2060049660,1985-1989,12.330073728672243,-8.747734197230901
Permanent,2060049660,1986-1990,11.955181288838983,-11.522233792278916
Permanent,2060049660,1998-2002,11.954555946987718,-11.526861814956229
Permanent,2060049660,1999-2003,12.764269420733784,-5.534343784951213
Permanent,2060049660,2009-2013,12.825344474873981,-5.082340236800499
Permanent,2060049660,2010-2014,13.29455931060635,-1.6097805545914006
Permanent,2060049660,2011-2015,13.737197117659965,1.6660881638319736
Permanent,2060049660,2012-2016,13.751163085671545,1.7694473369585746
Permanent,2060049660,2013-2017,14.02318679097174,3.7826372015889
Permanent,2060049660,2014-2018,14.114069806688894,4.45524316402478
Permanent,2060049660,2015-2019,14.02047697628293,3.7625824366539162
Ephemeral,2060049660,baseline,4.062116442174403,
Seasonal,2060049660,baseline,1.4502719767249987,
Permanent,2060049660,baseline,13.512074051204634,
Ephemeral,2060049670,1984-1988,0.16998875990215404,78.25136612021859
Ephemeral,2060049670,1985-1989,0.17186478545594852,80.21857923497271
Ephemeral,2060049670,1986-1990,0.17092677267905126,79.23497267759564
Ephemeral,2060049670,1998-2002,0.11412488785582994,19.67213114754097
Ephemeral,2060049670,1999-2003,0.09786599972294459,2.622950819672126
Ephemeral,2060049670,2009-2013,0.04763020433800387,-50.05464480874322
Ephemeral,2060049670,2010-2014,0.0521118209387351,-45.35519125683064
Ephemeral,2060049670,2011-2015,0.05503008291130427,-42.29508196721316
Ephemeral,2060049670,2012-2016,0.05471741198567186,-42.62295081967217
Ephemeral,2060049670,2013-2017,0.04627529699359677,-51.47540983606561
Ephemeral,2060049670,2014-2018,0.049818900817430754,-47.7595628415301
Ephemeral,2060049670,2015-2019,0.053362504641264755,-44.043715846994566
Seasonal,2060049670,1984-1988,0.028869948800059265,207.77777777777783
Seasonal,2060049670,1985-1989,0.03251777626577072,246.66666666666669
Seasonal,2060049670,1986-1990,0.035644485522094836,280.00000000000006
Seasonal,2060049670,1998-2002,0.01594621720725296,70.00000000000011
Seasonal,2060049670,1999-2003,0.017926466402924897,91.11111111111123
Seasonal,2060049670,2009-2013,0.0368951692246245,293.3333333333336
Seasonal,2060049670,2010-2014,0.06107505414019759,551.1111111111113
Seasonal,2060049670,2011-2015,0.06784959086223316,623.3333333333335
Seasonal,2060049670,2012-2016,0.0866098464001778,823.3333333333335
Seasonal,2060049670,2013-2017,0.11151929680889319,1088.8888888888891
Seasonal,2060049670,2014-2018,0.12360923926667974,1217.7777777777778
Seasonal,2060049670,2015-2019,0.1291330922861857,1276.6666666666672
Permanent,2060049670,1984-1988,0.027410817813774684,-69.05882352941177
Permanent,2060049670,1985-1989,0.028661501516304328,-67.64705882352942
Permanent,2060049670,1986-1990,0.03137131620511856,-64.58823529411765
Permanent,2060049670,1998-2002,0.04888088804053356,-44.82352941176471
Permanent,2060049670,1999-2003,0.0655566707409288,-26.000000000000007
Permanent,2060049670,2009-2013,0.1259021593879841,42.11764705882353
Permanent,2060049670,2010-2014,0.1539383190530236,73.76470588235294
Permanent,2060049670,2011-2015,0.16863385255774693,90.35294117647061
Permanent,2060049670,2012-2016,0.17551261292165996,98.11764705882354
Permanent,2060049670,2013-2017,0.19906715598596827,124.70588235294122
Permanent,2060049670,2014-2018,0.20834306011306314,135.17647058823533
Permanent,2060049670,2015-2019,0.21334579492318176,140.8235294117648
Ephemeral,2060049670,baseline,0.0953646323178853,
Seasonal,2060049670,baseline,0.009380127768972324,
Permanent,2060049670,baseline,0.08859009559584974,
Ephemeral,2060049680,1984-1988,1.1902339902407104,-20.639332870048655
Ephemeral,2060049680,1985-1989,0.9972118054836354,-33.50938151494095
Ephemeral,2060049680,1986-1990,1.0761091023848803,-28.248783877692862
Ephemeral,2060049680,1998-2002,1.8371501353741686,22.49478804725504
Ephemeral,2060049680,1999-2003,1.7680498608094055,17.887421820708806
Ephemeral,2060049680,2009-2013,1.2957083158207099,-13.60667129951359
Ephemeral,2060049680,2010-2014,1.2768438366408879,-14.864489228631028
Ephemeral,2060049680,2011-2015,1.16386540884571,-22.39749826268245
Ephemeral,2060049680,2012-2016,1.0894497285451963,-27.35927727588607
Ephemeral,2060049680,2013-2017,0.7986657677070542,-46.747741487143884
Ephemeral,2060049680,2014-2018,0.8392087643973902,-44.04447533009037
Ephemeral,2060049680,2015-2019,0.7612494802730425,-49.24252953439891
Seasonal,2060049680,1984-1988,1.1503163354016395,137.3548387096774
Seasonal,2060049680,1985-1989,1.4909191970572124,207.63440860215056
Seasonal,2060049680,1986-1990,1.4314074975451767,195.35483870967738
Seasonal,2060049680,1998-2002,0.6411838448301972,32.30107526881721
Seasonal,2060049680,1999-2003,0.6007450717817389,23.95698924731186
Seasonal,2060049680,2009-2013,1.2743424692358292,162.9462365591398
Seasonal,2060049680,2010-2014,1.390030711719821,186.81720430107524
Seasonal,2060049680,2011-2015,1.4546493696838525,200.15053763440855
Seasonal,2060049680,2012-2016,1.6554883275817378,241.59139784946234
Seasonal,2060049680,2013-2017,1.6250550241535162,235.31182795698916
Seasonal,2060049680,2014-2018,1.622762104032212,234.83870967741927
Seasonal,2060049680,2015-2019,1.7867058927054735,268.6666666666668
Permanent,2060049680,1984-1988,5.933347708442505,-3.9902183995278016
Permanent,2060049680,1985-1989,5.871543088809165,-4.9903027236698
Permanent,2060049680,1986-1990,5.871647312451043,-4.988616240829758
Permanent,2060049680,1998-2002,5.243178751929898,-15.15810776625347
Permanent,2060049680,1999-2003,5.383255326613218,-12.891474829243604
Permanent,2060049680,2009-2013,5.898015893846045,-4.561936082300337
Permanent,2060049680,2010-2014,5.891137133482132,-4.673243949742794
Permanent,2060049680,2011-2015,6.013912583613792,-2.686567164179076
Permanent,2060049680,2012-2016,5.928136526348633,-4.074542541529625
Permanent,2060049680,2013-2017,6.356704141748791,2.8602748967029377
Permanent,2060049680,2014-2018,6.327104627455589,2.3813137701323943
Permanent,2060049680,2015-2019,6.293857285696677,1.8433257441605737
Ephemeral,2060049680,baseline,1.4997782066167973,
Seasonal,2060049680,baseline,0.4846399347302368,
Permanent,2060049680,baseline,6.179940845124601,
Ephemeral,2060049690,1984-1988,10.59287406585857,-19.09250119407736
Ephemeral,2060049690,1985-1989,9.398992248152148,-28.21127209043145
Ephemeral,2060049690,1986-1990,9.407747034069853,-28.144403757363477
Ephemeral,2060049690,1998-2002,12.9483283722894,-1.1017353924534063
Ephemeral,2060049690,1999-2003,13.327493981439636,1.7943002706575604
Ephemeral,2060049690,2009-2013,11.293361162917046,-13.742238497054608
Ephemeral,2060049690,2010-2014,11.043849764262383,-15.647985989492112
Ephemeral,2060049690,2011-2015,10.193905964751613,-22.139786658175442
Ephemeral,2060049690,2012-2016,9.521350803716297,-27.276707530647982
Ephemeral,2060049690,2013-2017,8.712679566389005,-33.45327177201082
Ephemeral,2060049690,2014-2018,8.916853680826971,-31.89380671867535
Ephemeral,2060049690,2015-2019,8.311418545160747,-36.51807037096002
Seasonal,2060049690,1984-1988,10.169100737984774,81.98265410799216
Seasonal,2060049690,1985-1989,12.395109281203785,121.81852093630513
Seasonal,2060049690,1986-1990,12.870681759090683,130.32919891821322
Seasonal,2060049690,1998-2002,7.121184554920035,27.4382169169076
Seasonal,2060049690,1999-2003,7.450739710536597,33.33582019957105
Seasonal,2060049690,2009-2013,10.019227140964976,79.30056887065193
Seasonal,2060049690,2010-2014,10.840300991675687,93.99421803599745
Seasonal,2060049690,2011-2015,11.256570217334302,101.44362585097457
Seasonal,2060049690,2012-2016,12.876830953961456,130.4392427492307
Seasonal,2060049690,2013-2017,14.788084098710504,164.64235754919338
Seasonal,2060049690,2014-2018,15.402482467578192,175.63741490254597
Seasonal,2060049690,2015-2019,17.020241836800288,204.58826820852383
Permanent,2060049690,1984-1988,52.71194066866561,-5.842424693748377
Permanent,2060049690,1985-1989,53.67486289597157,-4.122388948877373
Permanent,2060049690,1986-1990,53.17729922964853,-5.011170272182277
Permanent,2060049690,1998-2002,50.75962340901686,-9.329783669062037
Permanent,2060049690,1999-2003,53.49080394441597,-4.451167293443011
Permanent,2060049690,2009-2013,55.05405434893614,-1.6587854190713538
Permanent,2060049690,2010-2014,55.01007197206385,-1.7373496667535233
Permanent,2060049690,2011-2015,56.365917329247864,0.6845515135719131
Permanent,2060049690,2012-2016,56.002593713662996,0.035558699780338966
Permanent,2060049690,2013-2017,58.62496476694203,4.719812339427362
Permanent,2060049690,2014-2018,58.19191553494113,3.946270990803153
Permanent,2060049690,2015-2019,57.66652415623681,3.007781956287025
Ephemeral,2060049690,baseline,13.092573892647815,
Seasonal,2060049690,baseline,5.587950559260569,
Permanent,2060049690,baseline,55.98268699806439,
Ephemeral,2060050410,1984-1988,1.654446091162963,-59.73110096397769
Ephemeral,2060050410,1985-1989,1.4193175550873902,-65.45408422120752
Ephemeral,2060050410,1986-1990,1.6306831008148996,-60.30948756976156
Ephemeral,2060050410,1998-2002,3.9822811324962615,-3.0720446473871466
Ephemeral,2060050410,1999-2003,4.169779464233831,1.491628614916265
Ephemeral,2060050410,2009-2013,3.7791492544770713,-8.016235413495734
Ephemeral,2060050410,2010-2014,3.7499666347513796,-8.726534753932063
Ephemeral,2060050410,2011-2015,3.538913759949503,-13.86352105530191
Ephemeral,2060050410,2012-2016,3.270954776682527,-20.385591070522604
Ephemeral,2060050410,2013-2017,2.9454643430991867,-28.307965499746356
Ephemeral,2060050410,2014-2018,2.8527053018282382,-30.5657026889904
Ephemeral,2060050410,2015-2019,2.6926177879044437,-34.46220192795539
Seasonal,2060050410,1984-1988,2.6518663439303536,243.60567184334906
Seasonal,2060050410,1985-1989,3.3942513450235743,339.7974341661039
Seasonal,2060050410,1986-1990,3.3632969233859655,335.7866306549628
Seasonal,2060050410,1998-2002,0.9816824828438924,27.197839297771754
Seasonal,2060050410,1999-2003,1.1164436517914613,44.659014179608334
Seasonal,2060050410,2009-2013,1.9293880584357297,149.9932478055368
Seasonal,2060050410,2010-2014,2.178169891597251,182.22822417285613
Seasonal,2060050410,2011-2015,2.2768696804552158,195.016880486158
Seasonal,2060050410,2012-2016,2.867192388049207,271.50573936529366
Seasonal,2060050410,2013-2017,3.581332782193633,364.03781228899385
Seasonal,2060050410,2014-2018,3.7873829221853916,390.73598919648873
Seasonal,2060050410,2015-2019,4.261079374518495,452.1134368669817
Permanent,2060050410,1984-1988,10.881156659291653,-2.6100746268656674
Permanent,2060050410,1985-1989,10.906170333342248,-2.3861940298507283
Permanent,2060050410,1986-1990,10.561398526011576,-5.472014925373113
Permanent,2060050410,1998-2002,9.91604573550628,-11.248134328358187
Permanent,2060050410,1999-2003,10.328667133699184,-7.555037313432819
Permanent,2060050410,2009-2013,11.158808441253237,-0.12499999999996712
Permanent,2060050410,2010-2014,11.389038466160567,1.9356343283582262
Permanent,2060050410,2011-2015,11.749235372489107,5.159514925373172
Permanent,2060050410,2012-2016,11.54881330915873,3.365671641791067
Permanent,2060050410,2013-2017,11.455950044245903,2.5345149253731463
Permanent,2060050410,2014-2018,11.447299481970072,2.4570895522388128
Permanent,2060050410,2015-2019,11.205917527381851,0.29664179104478877
Ephemeral,2060050410,baseline,4.108495962809879,
Seasonal,2060050410,baseline,0.7717760681026674,
Permanent,2060050410,baseline,11.172774409264814,
Ephemeral,2060050420,1984-1988,8.302351088317405,-36.98362471323471
Ephemeral,2060050420,1985-1989,7.574244726161399,-42.510086227355416
Ephemeral,2060050420,1986-1990,7.262407589664008,-44.8769875800965
Ephemeral,2060050420,1998-2002,11.705774113826198,-11.151016533502078
Ephemeral,2060050420,1999-2003,12.158417390500054,-7.715370619412987
Ephemeral,2060050420,2009-2013,10.746395490344085,-18.432877145795405
Ephemeral,2060050420,2010-2014,9.957318297689756,-24.422118503282956
Ephemeral,2060050420,2011-2015,8.89006820486446,-32.52274345384066
Ephemeral,2060050420,2012-2016,8.140908667049205,-38.209002452337614
Ephemeral,2060050420,2013-2017,6.879906823973691,-47.7802389051499
Ephemeral,2060050420,2014-2018,7.524008930776458,-42.89138517522347
Ephemeral,2060050420,2015-2019,6.95911679180057,-47.179020647100685
Seasonal,2060050420,1984-1988,7.115035360049264,193.68466336846632
Seasonal,2060050420,1985-1989,9.700094349536158,300.38718003871793
Seasonal,2060050420,1986-1990,10.262589344748864,323.60507636050755
Seasonal,2060050420,1998-2002,5.8152623221953315,140.03441600344158
Seasonal,2060050420,1999-2003,6.359309732795726,162.4908582490858
Seasonal,2060050420,2009-2013,9.211181245488948,280.20649602064964
Seasonal,2060050420,2010-2014,10.438206181312406,330.8539470853948
Seasonal,2060050420,2011-2015,10.360663791755567,327.6532587653259
Seasonal,2060050420,2012-2016,12.45514209892521,414.1062594106259
Seasonal,2060050420,2013-2017,15.642196843896375,545.6571305657131
Seasonal,2060050420,2014-2018,16.76635304518677,592.0585072058508
Seasonal,2060050420,2015-2019,18.957967786586217,682.5209722520973
Permanent,2060050420,1984-1988,48.696620641694196,-24.703152194933274
Permanent,2060050420,1985-1989,55.51837067350025,-14.155063495133122
Permanent,2060050420,1986-1990,58.5435661026357,-9.47737381550958
Permanent,2060050420,1998-2002,54.72481186424519,-15.3820988848063
Permanent,2060050420,1999-2003,58.49009937435255,-9.560046412686152
Permanent,2060050420,2009-2013,65.2935060451882,0.9596789789209107
Permanent,2060050420,2010-2014,65.79888648465206,1.7411203506736497
Permanent,2060050420,2011-2015,68.27075859906002,5.563237284857876
Permanent,2060050420,2012-2016,67.86199347561657,4.93118674659963
Permanent,2060050420,2013-2017,69.85714665207699,8.016179978082913
Permanent,2060050420,2014-2018,69.17541981055646,6.962064075291711
Permanent,2060050420,2015-2019,68.40864647726391,5.77644556178691
Ephemeral,2060050420,baseline,13.174910569731017,
Seasonal,2060050420,baseline,2.422678555441797,
Permanent,2060050420,baseline,64.67285425780786,
Ephemeral,2060050790,1984-1988,6.4640544928825845,-10.658311725727456
Ephemeral,2060050790,1985-1989,6.179732397840846,-14.5880149812734
Ephemeral,2060050790,1986-1990,6.576094907900865,-9.109766637856524
Ephemeral,2060050790,1998-2002,8.450035988857783,16.790550273696372
Ephemeral,2060050790,1999-2003,8.409180321241816,16.22587150677044
Ephemeral,2060050790,2009-2013,7.61301592093982,5.221838087006674
Ephemeral,2060050790,2010-2014,7.0147722165631405,-3.0466724286948574
Ephemeral,2060050790,2011-2015,6.302403624330632,-12.892538173437002
Ephemeral,2060050790,2012-2016,5.7145822841416996,-21.016997983290064
Ephemeral,2060050790,2013-2017,4.581254402366088,-36.68107173725145
Ephemeral,2060050790,2014-2018,4.214282959315516,-41.75309709017567
Ephemeral,2060050790,2015-2019,4.150602314128382,-42.63324690290975
Seasonal,2060050790,1984-1988,6.998825999355884,75.2400835073069
Seasonal,2060050790,1985-1989,7.3581891165494016,84.23799582463467
Seasonal,2060050790,1986-1990,6.998096433862742,75.22181628392485
Seasonal,2060050790,1998-2002,5.004923506598001,25.315762004175387
Seasonal,2060050790,1999-2003,5.418378693925925,35.668058455114846
Seasonal,2060050790,2009-2013,6.299485362358058,57.72964509394571
Seasonal,2060050790,2010-2014,7.290860643896555,82.55219206680584
Seasonal,2060050790,2011-2015,7.928188213977284,98.50991649269307
Seasonal,2060050790,2012-2016,8.806897738646237,120.51148225469726
Seasonal,2060050790,2013-2017,10.32908402826669,158.62473903966594
Seasonal,2060050790,2014-2018,11.313059431231888,183.26200417536535
Seasonal,2060050790,2015-2019,11.919641026958768,198.44989561586647
Permanent,2060050790,1984-1988,39.09209937175968,-7.94364883603918
Permanent,2060050790,1985-1989,40.184467362277445,-5.371277104885283
Permanent,2060050790,1986-1990,39.69242754897391,-6.529961099043999
Permanent,2060050790,1998-2002,36.468790305703756,-14.121169728429559
Permanent,2060050790,1999-2003,38.57462898983804,-9.16221821350117
Permanent,2060050790,2009-2013,41.291426662658054,-2.7645449079016466
Permanent,2060050790,2010-2014,41.17865668214664,-3.0301022223857945
Permanent,2060050790,2011-2015,41.94428355537853,-1.227159493919379
Permanent,2060050790,2012-2016,41.9079095043633,-1.3128152265949375
Permanent,2060050790,2013-2017,43.770177537429944,3.0725619408755254
Permanent,2060050790,2014-2018,43.50451147428428,2.4469560308754157
Permanent,2060050790,2015-2019,43.16276215256805,1.6421848347630479
Ephemeral,2060050790,baseline,7.235205219133987,
Seasonal,2060050790,baseline,3.993849956744661,
Permanent,2060050790,baseline,42.465401764765865,
Ephemeral,2060051150,1984-1988,2.276348562245828,12.379727296115254
Ephemeral,2060051150,1985-1989,2.275306325827054,12.328273732956024
Ephemeral,2060051150,1986-1990,2.383698913379623,17.679444301517897
Ephemeral,2060051150,1998-2002,3.0566709689824485,50.90301003344484
Ephemeral,2060051150,1999-2003,3.1537031795703734,55.6933367635709
Ephemeral,2060051150,2009-2013,2.72127928942075,34.34525340879862
Ephemeral,2060051150,2010-2014,2.600484088484762,28.38178543864169
Ephemeral,2060051150,2011-2015,2.5039729961062247,23.61718549009526
Ephemeral,2060051150,2012-2016,2.3981859996005923,18.394648829431507
Ephemeral,2060051150,2013-2017,2.0221470997066797,-0.16979675842544592
Ephemeral,2060051150,2014-2018,1.9057292917295452,-5.917159763313546
Ephemeral,2060051150,2015-2019,1.8828000905165019,-7.0491381528170125
Seasonal,2060051150,1984-1988,2.4573850281869944,117.50922509225093
Seasonal,2060051150,1985-1989,2.3782792840019944,110.50738007380072
Seasonal,2060051150,1986-1990,2.270199367375058,100.94095940959409
Seasonal,2060051150,1998-2002,1.5806557527137142,39.907749077490756
Seasonal,2060051150,1999-2003,1.7393883592931012,53.95756457564571
Seasonal,2060051150,2009-2013,1.772739924693892,56.90959409594094
Seasonal,2060051150,2010-2014,2.1234524796115792,87.95202952029516
Seasonal,2060051150,2011-2015,2.43570651067648,115.59040590405898
Seasonal,2060051150,2012-2016,2.809139819523456,148.6439114391143
Seasonal,2060051150,2013-2017,3.379660035160728,199.14206642066412
Seasonal,2060051150,2014-2018,3.756011605980274,232.45387453874537
Seasonal,2060051150,2015-2019,3.7904054077998395,235.4981549815498
Permanent,2060051150,1984-1988,13.369913003683763,0.3528123288742735
Permanent,2060051150,1985-1989,13.606187999819989,2.126261440976289
Permanent,2060051150,1986-1990,13.55261704789497,1.7241649065164626
Permanent,2060051150,1998-2002,13.062974378354614,-1.951028710005482
Permanent,2060051150,1999-2003,13.08496556679076,-1.7859657357427867
Permanent,2060051150,2009-2013,14.221003263255188,6.740984119533763
Permanent,2060051150,2010-2014,14.133351180436236,6.083079089415641
Permanent,2060051150,2011-2015,14.159302867263728,6.277869044825183
Permanent,2060051150,2012-2016,13.968156708060445,4.843151060001568
Permanent,2060051150,2013-2017,14.374837358666335,7.895642650395071
Permanent,2060051150,2014-2018,14.254667499581611,6.993663459281868
Permanent,2060051150,2015-2019,14.30552863681782,7.37542048032547
Ephemeral,2060051150,baseline,2.0255864798886347,
Seasonal,2060051150,baseline,1.129784277951778,
Permanent,2060051150,baseline,13.322908141197026,
Ephemeral,2060051160,1984-1988,47.706183372932585,90.50609730719604
Ephemeral,2060051160,1985-1989,47.18131311243765,88.4101219461439
Ephemeral,2060051160,1986-1990,42.7081386266985,70.5473009530944
Ephemeral,2060051160,1998-2002,59.098140101065724,135.99783576809418
Ephemeral,2060051160,1999-2003,60.68796753426466,142.34652682398965
Ephemeral,2060051160,2009-2013,65.2402477641888,160.52524243559324
Ephemeral,2060051160,2010-2014,59.25999941690143,136.64419195072207
Ephemeral,2060051160,2011-2015,38.642165909774626,54.31056727847834
Ephemeral,2060051160,2012-2016,34.52595739746581,37.87322595413487
Ephemeral,2060051160,2013-2017,28.13256653377615,12.342364839555437
Ephemeral,2060051160,2014-2018,27.13816876662321,8.371415490906017
Ephemeral,2060051160,2015-2019,29.444846408655387,17.582719440629266
Seasonal,2060051160,1984-1988,39.77403466056396,70.54207445144561
Seasonal,2060051160,1985-1989,42.15054214265404,80.73200160879466
Seasonal,2060051160,1986-1990,49.02586312638512,110.21182464137273
Seasonal,2060051160,1998-2002,45.961583831545624,97.07288733967908
Seasonal,2060051160,1999-2003,46.8156965767315,100.73512982079811
Seasonal,2060051160,2009-2013,42.78151207058025,83.43745810430346
Seasonal,2060051160,2010-2014,50.1006173214256,114.82012780980466
Seasonal,2060051160,2011-2015,61.080473769575214,161.89927157349052
Seasonal,2060051160,2012-2016,68.61803177379575,194.21861733029442
Seasonal,2060051160,2013-2017,82.8775977845456,255.36041471153408
Seasonal,2060051160,2014-2018,88.61886132100793,279.97765562854704
Seasonal,2060051160,2015-2019,91.03434844516019,290.33471868436334
Permanent,2060051160,1984-1988,623.6025671291703,-8.401472419687064
Permanent,2060051160,1985-1989,635.5859930249582,-6.641274137510022
Permanent,2060051160,1986-1990,682.9309372551435,0.31303844625892324
Permanent,2060051160,1998-2002,684.4283183179971,0.5329828592773899
Permanent,2060051160,1999-2003,683.3045790112742,0.3679212137588322
Permanent,2060051160,2009-2013,659.3775406508959,-3.14662731232885
Permanent,2060051160,2010-2014,660.5397384814715,-2.9759166455529775
Permanent,2060051160,2011-2015,705.4651308654713,3.62299748702756
Permanent,2060051160,2012-2016,703.7288692154347,3.3679648444108374
Permanent,2060051160,2013-2017,717.1211903021219,5.335110198014288
Permanent,2060051160,2014-2018,713.1924801215507,4.758037416728627
Permanent,2060051160,2015-2019,708.7482798082535,4.105246317993994
Ephemeral,2060051160,baseline,25.041814433899784,
Seasonal,2060051160,baseline,23.322124342921533,
Permanent,2060051160,baseline,680.7997722260328,
Ephemeral,2060052380,1984-1988,1.5386536250370937,26.449678800856514
Ephemeral,2060052380,1985-1989,1.5902443277664418,30.68950749464669
Ephemeral,2060052380,1986-1990,1.7661738352556118,45.14775160599574
Ephemeral,2060052380,1998-2002,2.5114770983214014,106.39828693790147
Ephemeral,2060052380,1999-2003,2.6090304271187135,114.41541755888649
Ephemeral,2060052380,2009-2013,2.213605929835591,81.91862955032117
Ephemeral,2060052380,2010-2014,2.07519693342231,70.54389721627402
Ephemeral,2060052380,2011-2015,1.8105731066954132,48.79657387580294
Ephemeral,2060052380,2012-2016,1.6376660848206896,34.58672376873653
Ephemeral,2060052380,2013-2017,1.4909191970572113,22.526766595288983
Ephemeral,2060052380,2014-2018,1.4690322322629425,20.728051391862856
Ephemeral,2060052380,2015-2019,1.3826308331465198,13.62740899357593
Seasonal,2060052380,1984-1988,1.4858122386052162,247.70731707317074
Seasonal,2060052380,1985-1989,1.5730474268566588,268.1219512195122
Seasonal,2060052380,1986-1990,1.6253676950791487,280.36585365853654
Seasonal,2060052380,1998-2002,1.3258289483232994,210.2682926829269
Seasonal,2060052380,1999-2003,1.1542768337929836,170.1219512195123
Seasonal,2060052380,2009-2013,1.7217745638158093,302.9268292682928
Seasonal,2060052380,2010-2014,1.892597112852983,342.9024390243904
Seasonal,2060052380,2011-2015,2.2301774888941095,421.9024390243904
Seasonal,2060052380,2012-2016,2.553687673281777,497.6097560975611
Seasonal,2060052380,2013-2017,2.910862093995868,581.1951219512197
Seasonal,2060052380,2014-2018,3.041662764552093,611.8048780487806
Seasonal,2060052380,2015-2019,3.1874716395386744,645.926829268293
Permanent,2060052380,1984-1988,6.535656134852407,-14.38012015292188
Permanent,2060052380,1985-1989,7.347454081436022,-3.7452211906062125
Permanent,2060052380,1986-1990,7.566323729378709,-0.8779355543418861
Permanent,2060052380,1998-2002,8.07910404741586,5.839705079191673
Permanent,2060052380,1999-2003,7.895670437711513,3.4366466411796615
Permanent,2060052380,2009-2013,8.630342889305801,13.061168760240285
Permanent,2060052380,2010-2014,8.653272090518845,13.361551064991794
Permanent,2060052380,2011-2015,8.833370543683113,15.720917531403583
Permanent,2060052380,2012-2016,8.802311898403627,15.314036045876541
Permanent,2060052380,2013-2017,8.727062428968093,14.328235936646614
Permanent,2060052380,2014-2018,8.633886493129634,13.107591480065494
Permanent,2060052380,2015-2019,8.58302535589343,12.441288913162184
Ephemeral,2060052380,baseline,1.2168110189194656,
Seasonal,2060052380,baseline,0.4273169316976281,
Permanent,2060052380,baseline,7.633339531105922,
Ephemeral,2060052390,1984-1988,2.2785372587252555,19.98902305159168
Ephemeral,2060052390,1985-1989,2.35951902846405,24.253567508232738
Ephemeral,2060052390,1986-1990,2.586830791398813,36.22392974753024
Ephemeral,2060052390,1998-2002,3.651892187744681,92.31064763995609
Ephemeral,2060052390,1999-2003,3.508584680163159,84.76399560922063
Ephemeral,2060052390,2009-2013,4.04450264669711,112.98572996706906
Ephemeral,2060052390,2010-2014,3.7406907306242845,96.98682766190994
Ephemeral,2060052390,2011-2015,3.4884695172808065,83.70472008781553
Ephemeral,2060052390,2012-2016,3.3029514347389095,73.93523600439073
Ephemeral,2060052390,2013-2017,2.7874613020129413,46.789242590559766
Ephemeral,2060052390,2014-2018,2.4906323699459056,31.158068057080058
Ephemeral,2060052390,2015-2019,2.3798426386301554,25.323819978046064
Seasonal,2060052390,1984-1988,3.344328220564266,240.8178438661709
Seasonal,2060052390,1985-1989,3.616143478580709,268.518321826872
Seasonal,2060052390,1986-1990,3.4711683927291475,253.74402549123732
Seasonal,2060052390,1998-2002,1.7315715861522913,76.46309081253318
Seasonal,2060052390,1999-2003,1.7536669982303152,78.7148167817313
Seasonal,2060052390,2009-2013,2.561087551855077,160.99840679766325
Seasonal,2060052390,2010-2014,2.9387940300190296,199.49017525225702
Seasonal,2060052390,2011-2015,3.4573066483594443,252.33138608603292
Seasonal,2060052390,2012-2016,3.9657095734377448,304.14232607541163
Seasonal,2060052390,2013-2017,4.590634530135056,367.82793414763677
Seasonal,2060052390,2014-2018,5.086739065471814,418.38555496548054
Seasonal,2060052390,2015-2019,5.3463601573885935,444.84333510355816
Permanent,2060052390,1984-1988,10.615699043429734,5.801391918562359
Permanent,2060052390,1985-1989,11.133273648993253,10.959800560922405
Permanent,2060052390,1986-1990,11.347765903977088,13.097538173885953
Permanent,2060052390,1998-2002,10.804760729795467,7.68567570374987
Permanent,2060052390,1999-2003,10.713252372227048,6.773657421834427
Permanent,2060052390,2009-2013,11.191534664802761,11.540459125376568
Permanent,2060052390,2010-2014,11.280958549533633,12.431702503375966
Permanent,2060052390,2011-2015,11.736520088180054,16.972057754232917
Permanent,2060052390,2012-2016,11.70535721925869,16.66147294068768
Permanent,2060052390,2013-2017,12.013129633722858,19.728887503895308
Permanent,2060052390,2014-2018,11.995828509171199,19.556455801391937
Permanent,2060052390,2015-2019,11.95757843260217,19.1752363145321
Ephemeral,2060052390,baseline,1.8989547550075083,
Seasonal,2060052390,baseline,0.9812655882763828,
Permanent,2060052390,baseline,10.033610003544064,
Ephemeral,2060052660,1984-1988,5.737303038070984,75.28419041553896
Ephemeral,2060052660,1985-1989,5.615465600716221,71.5618532080879
Ephemeral,2060052660,1986-1990,6.1022942319258835,86.43528100620918
Ephemeral,2060052660,1998-2002,8.226997395239993,151.34851138353767
Ephemeral,2060052660,1999-2003,9.055679571807758,176.66613596561055
Ephemeral,2060052660,2009-2013,7.18632433109345,119.55421111288005
Ephemeral,2060052660,2010-2014,6.229968193225784,90.33593376850817
Ephemeral,2060052660,2011-2015,5.113732988718077,56.23308390383691
Ephemeral,2060052660,2012-2016,4.892987315221594,49.488934882980345
Ephemeral,2060052660,2013-2017,3.4432364567059834,5.1966247412831805
Ephemeral,2060052660,2014-2018,3.427081792214976,4.703072759114753
Ephemeral,2060052660,2015-2019,3.4435491276316172,5.206177360292935
Seasonal,2060052660,1984-1988,5.973890705132842,89.26201089648342
Seasonal,2060052660,1985-1989,6.455508154248632,104.52038963183095
Seasonal,2060052660,1986-1990,5.99911282646719,90.06108634637611
Seasonal,2060052660,1998-2002,5.96075852625628,88.84596334819216
Seasonal,2060052660,1999-2003,5.7777418111194425,83.04771338946674
Seasonal,2060052660,2009-2013,6.048827503642743,91.63612349347862
Seasonal,2060052660,2010-2014,6.793192753931635,115.21875515931978
Seasonal,2060052660,2011-2015,8.06857745958624,155.62489681360415
Seasonal,2060052660,2012-2016,8.942180025803196,183.3019646689781
Seasonal,2060052660,2013-2017,10.71606641055774,239.50140333498436
Seasonal,2060052660,2014-2018,11.532033302816453,265.3524847284134
Seasonal,2060052660,2015-2019,11.958933339946572,278.87733201254747
Permanent,2060052660,1984-1988,93.3824028730177,-2.6509702514178826
Permanent,2060052660,1985-1989,97.50152964729907,1.6431256654859943
Permanent,2060052660,1986-1990,97.24086631896353,1.37139007801127
Permanent,2060052660,1998-2002,94.95221936697617,-1.0144722831873554
Permanent,2060052660,1999-2003,93.40293493046758,-2.629566048805894
Permanent,2060052660,2009-2013,99.18380345084333,3.396857819596269
Permanent,2060052660,2010-2014,99.55306781401524,3.7818075142876237
Permanent,2060052660,2011-2015,100.78895175939829,5.070188400443351
Permanent,2060052660,2012-2016,100.29680772245287,4.557139442404276
Permanent,2060052660,2013-2017,102.13708456708335,6.4755861709294384
Permanent,2060052660,2014-2018,101.39678403882768,5.703839718377229
Permanent,2060052660,2015-2019,100.99281320291063,5.282709315717484
Ephemeral,2060052660,baseline,3.2731434731619538,
Seasonal,2060052660,baseline,3.1564129942591874,
Permanent,2060052660,baseline,95.92535551118608,
Ephemeral,2060052670,1984-1988,7.449384803192187,52.44747787138745
Ephemeral,2060052670,1985-1989,7.6695051348374035,56.9521168817319
Ephemeral,2060052670,1986-1990,7.550377512171456,54.51423696278128
Ephemeral,2060052670,1998-2002,8.296410340730388,69.78137997227259
Ephemeral,2060052670,1999-2003,7.9025491980754285,61.72123280366858
Ephemeral,2060052670,2009-2013,7.671589607674956,56.99477444811779
Ephemeral,2060052670,2010-2014,7.093356842538751,45.16156553268642
Ephemeral,2060052670,2011-2015,6.624975795941398,35.57641036578866
Ephemeral,2060052670,2012-2016,6.277702621205668,28.469659805908115
Ephemeral,2060052670,2013-2017,5.7016585525488885,16.681241335181845
Ephemeral,2060052670,2014-2018,5.4515218120429605,11.562333368881333
Ephemeral,2060052670,2015-2019,5.357407863427605,9.63634424656077
Seasonal,2060052670,1984-1988,6.692095821310488,72.51209027404619
Seasonal,2060052670,1985-1989,6.894810804762169,77.73777538957548
Seasonal,2060052670,1986-1990,6.360768863782011,63.97098334228907
Seasonal,2060052670,1998-2002,4.963129826205133,27.941966684578134
Seasonal,2060052670,1999-2003,5.080172976033532,30.95916174099942
Seasonal,2060052670,2009-2013,4.895488682626656,26.19828049435785
Seasonal,2060052670,2010-2014,5.848926558521754,50.77646426652335
Seasonal,2060052670,2011-2015,6.8484312841266926,76.54218162278339
Seasonal,2060052670,2012-2016,7.4470918830708825,91.9747447608812
Seasonal,2060052670,2013-2017,8.641494818986692,122.76464266523368
Seasonal,2060052670,2014-2018,9.463298235190544,143.94948952176242
Seasonal,2060052670,2015-2019,9.776386055390466,152.02041912950023
Permanent,2060052670,1984-1988,63.548176938308075,-7.177316841103709
Permanent,2060052670,1985-1989,64.55143371502061,-5.7118934348239705
Permanent,2060052670,1986-1990,64.23209247630805,-6.178344433872473
Permanent,2060052670,1998-2002,62.964732991078016,-8.029533777354871
Permanent,2060052670,1999-2003,62.81433827584883,-8.249210275927647
Permanent,2060052670,2009-2013,69.0792213891036,0.9016936251190081
Permanent,2060052670,2010-2014,69.46109681294266,1.4594862036156944
Permanent,2060052670,2011-2015,69.87601113125686,2.065537583254125
Permanent,2060052670,2012-2016,69.89779387240927,2.097354900095252
Permanent,2060052670,2013-2017,70.92137425928789,3.5924643196956105
Permanent,2060052670,2014-2018,70.79557632354178,3.4087155090390926
Permanent,2060052670,2015-2019,70.77233445140311,3.374766888677542
Ephemeral,2060052670,baseline,4.886525449425193,
Seasonal,2060052670,baseline,3.879203950679444,
Permanent,2060052670,baseline,68.46190475826329,
Ephemeral,2060052940,1984-1988,1.055160150367509,-35.536453358802945
Ephemeral,2060052940,1985-1989,1.0666247509740308,-34.8360394778733
Ephemeral,2060052940,1986-1990,1.1428122331864614,-30.181470869149972
Ephemeral,2060052940,1998-2002,2.038510211481441,24.539955428207545
Ephemeral,2060052940,1999-2003,2.064045003741421,26.09996816300538
Ephemeral,2060052940,2009-2013,1.9415822245353938,18.61827443489333
Ephemeral,2060052940,2010-2014,1.8928055601367375,15.638331741483578
Ephemeral,2060052940,2011-2015,1.7619006659386351,7.640878701050615
Ephemeral,2060052940,2012-2016,1.5646053118645837,-4.412607449856749
Ephemeral,2060052940,2013-2017,1.1229055175878648,-31.397644062400516
Ephemeral,2060052940,2014-2018,1.0735035113379439,-34.41579114931551
Ephemeral,2060052940,2015-2019,0.9339480548640113,-42.941738299904486
Seasonal,2060052940,1984-1988,1.8463218158593862,201.78875638841572
Seasonal,2060052940,1985-1989,2.266447316267469,270.45996592844983
Seasonal,2060052940,1986-1990,2.098021910993477,242.93015332197623
Seasonal,2060052940,1998-2002,0.9737614860612046,59.16524701873933
Seasonal,2060052940,1999-2003,1.1047706039011849,80.57921635434413
Seasonal,2060052940,2009-2013,1.2487034533339711,104.10562180579215
Seasonal,2060052940,2010-2014,1.5972273117722318,161.0732538330494
Seasonal,2060052940,2011-2015,1.8987463077237536,210.3577512776832
Seasonal,2060052940,2012-2016,2.1642039235856707,253.74787052810913
Seasonal,2060052940,2013-2017,2.53503164138571,314.3611584327088
Seasonal,2060052940,2014-2018,2.8389477811004133,364.0374787052812
Seasonal,2060052940,2015-2019,2.9285801131150384,378.6882453151621
Permanent,2060052940,1984-1988,9.48945836930179,5.2772157021448844
Permanent,2060052940,1985-1989,9.592743998402364,6.423079146672847
Permanent,2060052940,1986-1990,9.42067076566266,4.5140775857085105
Permanent,2060052940,1998-2002,8.471193388158907,-6.019540960860242
Permanent,2060052940,1999-2003,9.118109533292365,1.1574261432618627
Permanent,2060052940,2009-2013,9.561581129480999,6.077354454529684
Permanent,2060052940,2010-2014,9.536150560862897,5.79522460542291
Permanent,2060052940,2011-2015,9.713851870263984,7.766664739550216
Permanent,2060052940,2012-2016,9.679770739370051,7.388564490952194
Permanent,2060052940,2013-2017,10.173373907301748,12.864658611319868
Permanent,2060052940,2014-2018,10.034756463604714,11.326819679713239
Permanent,2060052940,2015-2019,10.117926929822938,12.249523038677252
Ephemeral,2060052940,baseline,1.636832295685671,
Seasonal,2060052940,baseline,0.6117927778207505,
Permanent,2060052940,baseline,9.013781667773015,
Ephemeral,2060052950,1984-1988,0.13476116894756907,-13.511705685618743
Ephemeral,2060052950,1985-1989,0.1462257695540908,-6.153846153846164
Ephemeral,2060052950,1986-1990,0.19614889401339908,25.886287625418053
Ephemeral,2060052950,1998-2002,0.14455819128405129,-7.224080267558536
Ephemeral,2060052950,1999-2003,0.16581981422705522,6.421404682274234
Ephemeral,2060052950,2009-2013,0.20938529653183777,34.38127090301
Ephemeral,2060052950,2010-2014,0.2009431815397627,28.963210702341126
Ephemeral,2060052950,2011-2015,0.20354877258669943,30.635451505016686
Ephemeral,2060052950,2012-2016,0.18927013364948597,21.471571906354463
Ephemeral,2060052950,2013-2017,0.17989000588051365,15.451505016722361
Ephemeral,2060052950,2014-2018,0.18364205698810257,17.859531772575192
Ephemeral,2060052950,2015-2019,0.19468976302711444,24.949832775919685
Seasonal,2060052950,1984-1988,0.18927013364948603,218.59649122807014
Seasonal,2060052950,1985-1989,0.21376268949069158,259.8245614035088
Seasonal,2060052950,1986-1990,0.19031237006826074,220.35087719298244
Seasonal,2060052950,1998-2002,0.07775083684059284,30.87719298245614
Seasonal,2060052950,1999-2003,0.10776724570130428,81.40350877192982
Seasonal,2060052950,2009-2013,0.126110606671739,112.28070175438589
Seasonal,2060052950,2010-2014,0.17467882378664018,194.0350877192982
Seasonal,2060052950,2011-2015,0.205007903572984,245.0877192982455
Seasonal,2060052950,2012-2016,0.23189760317737135,290.35087719298235
Seasonal,2060052950,2013-2017,0.2736912835702369,360.7017543859648
Seasonal,2060052950,2014-2018,0.27108569252330017,356.3157894736841
Seasonal,2060052950,2015-2019,0.2694181142532607,353.50877192982455
Permanent,2060052950,1984-1988,0.1343442743800592,-9.225352112676047
Permanent,2060052950,1985-1989,0.14080614017646234,-4.85915492957746
Permanent,2060052950,1986-1990,0.1268401721648813,-14.295774647887333
Permanent,2060052950,1998-2002,0.10766302205942677,-27.253521126760578
Permanent,2060052950,1999-2003,0.1355949580825888,-8.380281690140851
Permanent,2060052950,2009-2013,0.12652750123924889,-14.50704225352114
Permanent,2060052950,2010-2014,0.14872713695915005,0.4929577464788548
Permanent,2060052950,2011-2015,0.21115709844375474,42.676056338028154
Permanent,2060052950,2012-2016,0.22553996102284563,52.394366197183075
Permanent,2060052950,2013-2017,0.2358581015687152,59.36619718309858
Permanent,2060052950,2014-2018,0.2365876670618575,59.85915492957745
Permanent,2060052950,2015-2019,0.23262716867051364,57.183098591549296
Ephemeral,2060052950,baseline,0.1558143446068181,
Seasonal,2060052950,baseline,0.059407475870158065,
Permanent,2060052950,baseline,0.14799757146600778,
Ephemeral,2060052960,1984-1988,7.553295774144026,-2.663353703579347
Ephemeral,2060052960,1985-1989,7.706191856778274,-0.6930360620509183
Ephemeral,2060052960,1986-1990,7.421973985378413,-4.355651064401321
Ephemeral,2060052960,1998-2002,7.121184554920032,-8.231817876569766
Ephemeral,2060052960,1999-2003,7.539538253416197,-2.8406419985226377
Ephemeral,2060052960,2009-2013,6.343988857439736,-18.247263447720133
Ephemeral,2060052960,2010-2014,6.329918665786278,-18.42858102209391
Ephemeral,2060052960,2011-2015,6.095311247920092,-21.451883688133798
Ephemeral,2060052960,2012-2016,5.653924124569006,-27.139883150896537
Ephemeral,2060052960,2013-2017,5.239426700822306,-32.48136458263384
Ephemeral,2060052960,2014-2018,5.269234662399262,-32.097239943590125
Ephemeral,2060052960,2015-2019,5.144687410355685,-33.702236250083985
Seasonal,2060052960,1984-1988,5.2484941576656485,85.27593818984549
Seasonal,2060052960,1985-1989,6.395371112885332,125.76158940397355
Seasonal,2060052960,1986-1990,6.524504205171517,130.32008830022076
Seasonal,2060052960,1998-2002,3.43104229060632,21.118469462840274
Seasonal,2060052960,1999-2003,4.204277489695272,48.41427520235463
Seasonal,2060052960,2009-2013,4.5931358975401135,62.141280353200834
Seasonal,2060052960,2010-2014,5.383567997538849,90.04415011037526
Seasonal,2060052960,2011-2015,6.075404532321497,114.46651949963207
Seasonal,2060052960,2012-2016,7.204563468422011,154.32671081677708
Seasonal,2060052960,2013-2017,8.821489048509084,211.40544518027963
Seasonal,2060052960,2014-2018,9.473303704810785,234.41501103752768
Seasonal,2060052960,2015-2019,10.182128693219463,259.4370860927154
Permanent,2060052960,1984-1988,27.81145349315168,-13.277868053298672
Permanent,2060052960,1985-1989,27.865545563286087,-13.109197270068258
Permanent,2060052960,1986-1990,28.45190777248873,-11.280792980175516
Permanent,2060052960,1998-2002,27.217170287166347,-15.130971725706857
Permanent,2060052960,1999-2003,29.609311315538044,-7.671758206044855
Permanent,2060052960,2009-2013,32.0881664139518,0.05784855378614865
Permanent,2060052960,2010-2014,32.4175131222846,1.0848228794280097
Permanent,2060052960,2011-2015,33.28340313900263,3.7848553786155397
Permanent,2060052960,2012-2016,33.14092942055613,3.340591485212871
Permanent,2060052960,2013-2017,33.80848184678132,5.42216444588884
Permanent,2060052960,2014-2018,33.635366377622844,4.882352941176468
Permanent,2060052960,2015-2019,33.41722629517331,4.2021449463763645
Ephemeral,2060052960,baseline,7.7599712559870495,
Seasonal,2060052960,baseline,2.832798586229642,
Permanent,2060052960,baseline,32.06961460569761,
Ephemeral,2060053240,1984-1988,5.569711421932011,-16.493476052816643
Ephemeral,2060053240,1985-1989,4.966673430028968,-25.534807406828676
Ephemeral,2060053240,1986-1990,5.607544603933532,-15.926244237831103
Ephemeral,2060053240,1998-2002,6.913049942090725,3.6471599343698555
Ephemeral,2060053240,1999-2003,7.1105537434485315,6.608328775685582
Ephemeral,2060053240,2009-2013,5.922404226045371,-11.205562934604272
Ephemeral,2060053240,2010-2014,6.3118879757414765,-5.366044222204882
Ephemeral,2060053240,2011-2015,6.178273266854559,-7.369325728572579
Ephemeral,2060053240,2012-2016,5.741263536462325,-13.921400109383589
Ephemeral,2060053240,2013-2017,5.660385990365408,-15.133994843347182
Ephemeral,2060053240,2014-2018,5.699157185143827,-14.55269942964299
Ephemeral,2060053240,2015-2019,5.815262322195331,-12.811938432690075
Seasonal,2060053240,1984-1988,4.176449777313989,91.8697629877903
Seasonal,2060053240,1985-1989,5.392635454382189,147.74239885084987
Seasonal,2060053240,1986-1990,5.457775230555609,150.73497725640416
Seasonal,2060053240,1998-2002,2.0601887289919554,-5.353124251855372
Seasonal,2060053240,1999-2003,2.620807698650868,20.40220253770651
Seasonal,2060053240,2009-2013,3.085124023214998,41.73330141249703
Seasonal,2060053240,2010-2014,3.640531810780037,67.24922192961458
Seasonal,2060053240,2011-2015,4.157064179924779,90.97917165429735
Seasonal,2060053240,2012-2016,5.232652164100273,140.39262628680873
Seasonal,2060053240,2013-2017,6.222568314652485,185.87024180033515
Seasonal,2060053240,2014-2018,6.451756103141042,196.39932966243717
Seasonal,2060053240,2015-2019,7.014667992921261,222.25999521187467
Permanent,2060053240,1984-1988,13.023369394441175,-18.222513089005226
Permanent,2060053240,1985-1989,13.42317128468315,-15.712041884816754
Permanent,2060053240,1986-1990,13.402222332665778,-15.843586387434561
Permanent,2060053240,1998-2002,13.554597297090641,-14.886780104712036
Permanent,2060053240,1999-2003,14.706372763478564,-7.654450261780105
Permanent,2060053240,2009-2013,15.699832517854608,-1.4162303664921634
Permanent,2060053240,2010-2014,16.099530184454707,1.0935863874345433
Permanent,2060053240,2011-2015,16.61981460470704,4.3606020942408446
Permanent,2060053240,2012-2016,16.43690211321208,3.212041884816761
Permanent,2060053240,2013-2017,16.511213569870716,3.6786649214659626
Permanent,2060053240,2014-2018,16.51673742289022,3.713350785340297
Permanent,2060053240,2015-2019,16.242108126543087,1.9888743455497304
Ephemeral,2060053240,baseline,6.669791961948711,
Seasonal,2060053240,baseline,2.1767107606109666,
Permanent,2060053240,baseline,15.925372478877456,
Ephemeral,2060053250,1984-1988,0.00396049839134387,-30.909090909090914
Ephemeral,2060053250,1985-1989,0.003335156540079049,-41.81818181818181
Ephemeral,2060053250,1986-1990,0.00354360382383399,-38.18181818181817
Ephemeral,2060053250,1998-2002,0.006357642154525686,10.909090909090889
Ephemeral,2060053250,1999-2003,0.007087207647667978,23.636363636363626
Ephemeral,2060053250,2009-2013,0.01365329708594861,138.18181818181822
Ephemeral,2060053250,2010-2014,0.013027955234683789,127.27272727272734
Ephemeral,2060053250,2011-2015,0.011047706039011854,92.7272727272728
Ephemeral,2060053250,2012-2016,0.008650562275830036,50.90909090909097
Ephemeral,2060053250,2013-2017,0.011047706039011852,92.72727272727278
Ephemeral,2060053250,2014-2018,0.01094348239713438,90.90909090909093
Ephemeral,2060053250,2015-2019,0.012819507950928849,123.63636363636373
Seasonal,2060053250,1984-1988,0.013444849802193664,71.99999999999999
Seasonal,2060053250,1985-1989,0.015320875355988129,95.99999999999999
Seasonal,2060053250,1986-1990,0.016571559058517774,112.00000000000001
Seasonal,2060053250,1998-2002,0.004898511168241103,-37.333333333333336
Seasonal,2060053250,1999-2003,0.006774536722035568,-13.333333333333334
Seasonal,2060053250,2009-2013,0.005002734810118574,-35.99999999999999
Seasonal,2060053250,2010-2014,0.00708720764766798,-9.333333333333318
Seasonal,2060053250,2011-2015,0.01021391690399209,30.666666666666703
Seasonal,2060053250,2012-2016,0.01479975714660078,89.33333333333336
Seasonal,2060053250,2013-2017,0.01917715010545453,145.33333333333334
Seasonal,2060053250,2014-2018,0.02126162294300394,172.00000000000003
Seasonal,2060053250,2015-2019,0.022616530287411056,189.33333333333343
Permanent,2060053250,1984-1988,0.009171680485217385,-41.33333333333333
Permanent,2060053250,1985-1989,0.011047706039011848,-29.33333333333334
Permanent,2060053250,1986-1990,0.011568824248399199,-26.00000000000001
Permanent,2060053250,1998-2002,0.00865056227583003,-44.666666666666686
Permanent,2060053250,1999-2003,0.011151929680889315,-28.666666666666696
Permanent,2060053250,2009-2013,0.009067456843339908,-42.000000000000036
Permanent,2060053250,2010-2014,0.011568824248399194,-26.000000000000046
Permanent,2060053250,2011-2015,0.013340626160316189,-14.666666666666709
Permanent,2060053250,2012-2016,0.01323640251843872,-15.333333333333362
Permanent,2060053250,2013-2017,0.014070191653458481,-10.000000000000037
Permanent,2060053250,2014-2018,0.012402613383418956,-20.666666666666707
Permanent,2060053250,2015-2019,0.011256153322766785,-28.000000000000032
Ephemeral,2060053250,baseline,0.005732300303260865,
Seasonal,2060053250,baseline,0.00781677314081027,
Permanent,2060053250,baseline,0.01563354628162054,
Ephemeral,2060053260,1984-1988,21.74761778507858,21.041243691629443
Ephemeral,2060053260,1985-1989,20.044395029516956,11.561575497418607
Ephemeral,2060053260,1986-1990,20.14632575127312,12.128893787342612
Ephemeral,2060053260,1998-2002,20.293906428171617,12.950287139625216
Ephemeral,2060053260,1999-2003,18.946920080547194,5.453332559893231
Ephemeral,2060053260,2009-2013,17.716455764541774,-1.3950925227682116
Ephemeral,2060053260,2010-2014,18.494589474798964,2.935785138349007
Ephemeral,2060053260,2011-2015,16.49818561463602,-8.175648239457125
Ephemeral,2060053260,2012-2016,15.302636218659561,-14.829746505017766
Ephemeral,2060053260,2013-2017,14.59860551777725,-18.74818724984055
Ephemeral,2060053260,2014-2018,14.737952526967428,-17.97262022159065
Ephemeral,2060053260,2015-2019,15.09272980391834,-15.998027727826491
Seasonal,2060053260,1984-1988,10.180356891307543,54.61495844875349
Seasonal,2060053260,1985-1989,12.275668987612203,86.43767313019389
Seasonal,2060053260,1986-1990,12.377912380294003,87.99050257222004
Seasonal,2060053260,1998-2002,5.358762770772012,-18.61337554412346
Seasonal,2060053260,1999-2003,7.0550025423278395,7.148397309062118
Seasonal,2060053260,2009-2013,7.57612075171519,15.06292045904232
Seasonal,2060053260,2010-2014,9.449749161746473,43.51879699248117
Seasonal,2060053260,2011-2015,10.918989841293172,65.83300356153539
Seasonal,2060053260,2012-2016,12.317671115288821,87.07558369608226
Seasonal,2060053260,2013-2017,14.887617676703485,126.10684606252471
Seasonal,2060053260,2014-2018,15.139317771837577,129.92956074396517
Seasonal,2060053260,2015-2019,16.129338146031667,144.9655718242976
Permanent,2060053260,1984-1988,25.927506942574524,-30.566037735849054
Permanent,2060053260,1985-1989,26.589848186705847,-28.792285363402925
Permanent,2060053260,1986-1990,26.82143311895759,-28.172100033493347
Permanent,2060053260,1998-2002,29.40263583369502,-21.259629340180854
Permanent,2060053260,1999-2003,32.52027763317578,-12.910572736407289
Permanent,2060053260,2009-2013,34.081964683067795,-8.728368873506762
Permanent,2060053260,2010-2014,35.41759065372758,-5.1515574411075145
Permanent,2060053260,2011-2015,36.89464810641509,-1.1959919615942782
Permanent,2060053260,2012-2016,37.276210859328515,-0.17416545718430348
Permanent,2060053260,2013-2017,37.88998388634493,1.4695210449927425
Permanent,2060053260,2014-2018,38.059555751679575,1.9236351456961083
Permanent,2060053260,2015-2019,37.33884926809687,-0.0064195601205599495
Ephemeral,2060053260,baseline,17.967113623257102,
Seasonal,2060053260,baseline,6.5843285756091845,
Permanent,2060053260,baseline,37.34124641186005,
Ephemeral,2060053270,1984-1988,11.092417981377285,-8.863675286864165
Ephemeral,2060053270,1985-1989,10.660723656720803,-12.410515499229295
Ephemeral,2060053270,1986-1990,10.655720921910683,-12.451618427812964
Ephemeral,2060053270,1998-2002,10.73826604627764,-11.773420106182542
Ephemeral,2060053270,1999-2003,11.751736739894161,-3.446651823942433
Ephemeral,2060053270,2009-2013,16.03699599932823,31.76143175201237
Ephemeral,2060053270,2010-2014,16.00531201219748,31.50111320431584
Ephemeral,2060053270,2011-2015,15.148906346890305,24.46480561740027
Ephemeral,2060053270,2012-2016,14.493548086764772,19.0803219729406
Ephemeral,2060053270,2013-2017,13.524997782797438,11.122623736941266
Ephemeral,2060053270,2014-2018,13.070999598779178,7.392532967973977
Ephemeral,2060053270,2015-2019,13.183561132006847,8.317348861106375
Seasonal,2060053270,1984-1988,8.082230756672187,31.480162767039666
Seasonal,2060053270,1985-1989,9.587220145382856,55.963038318073885
Seasonal,2060053270,1986-1990,9.934910214686097,61.61919294676157
Seasonal,2060053270,1998-2002,5.5277092942553905,-10.076297049847419
Seasonal,2060053270,1999-2003,6.632896792724085,7.902678874194627
Seasonal,2060053270,2009-2013,4.952290567449874,-19.43709732112586
Seasonal,2060053270,2010-2014,6.072590493990801,-1.2122753475755275
Seasonal,2060053270,2011-2015,7.382994343316236,20.1051203797897
Seasonal,2060053270,2012-2016,8.245653427136059,34.13869108172258
Seasonal,2060053270,2013-2017,10.465408551842419,70.24923702950146
Seasonal,2060053270,2014-2018,11.17861093320995,81.85147507629699
Seasonal,2060053270,2015-2019,11.5401627468829,87.73312987453377
Permanent,2060053270,1984-1988,25.070059040848577,-23.401904276661455
Permanent,2060053270,1985-1989,25.625571052055495,-21.704614208833533
Permanent,2060053270,1986-1990,25.928549178993297,-20.778906473903763
Permanent,2060053270,1998-2002,27.078135948901792,-17.26650320033118
Permanent,2060053270,1999-2003,30.19984247041578,-7.72856096551285
Permanent,2060053270,2009-2013,28.42053645628361,-13.16498423717479
Permanent,2060053270,2010-2014,28.541748551787112,-12.794637455020204
Permanent,2060053270,2011-2015,29.534895635237525,-9.760213992293718
Permanent,2060053270,2012-2016,29.828597858048234,-8.862847498646623
Permanent,2060053270,2013-2017,30.853950046838783,-5.730025793713982
Permanent,2060053270,2014-2018,31.581222619859766,-3.5079451007865683
Permanent,2060053270,2015-2019,31.724425903799414,-3.070407285928103
Ephemeral,2060053270,baseline,12.171236898450976,
Seasonal,2060053270,baseline,6.147110397933197,
Permanent,2060053270,baseline,32.729350258781984,
Ephemeral,2060053500,1984-1988,18.023707060796568,9.53792557403009
Ephemeral,2060053500,1985-1989,16.515903633755205,0.37434679334916926
Ephemeral,2060053500,1986-1990,16.361652643776544,-0.5631037212985203
Ephemeral,2060053500,1998-2002,13.090802090735897,-20.44148851939827
Ephemeral,2060053500,1999-2003,14.27186440049139,-13.263657957244668
Ephemeral,2060053500,2009-2013,17.9411619364296,9.036262866191553
Ephemeral,2060053500,2010-2014,16.725810048496424,1.6500395882818337
Ephemeral,2060053500,2011-2015,18.20922514333846,10.665399841646856
Ephemeral,2060053500,2012-2016,16.14142808848945,-1.9015043547110182
Ephemeral,2060053500,2013-2017,16.20823544293291,-1.4954869358669962
Ephemeral,2060053500,2014-2018,13.645792983733426,-17.068566904196373
Ephemeral,2060053500,2015-2019,16.02594829328922,-2.6033254156769496
Seasonal,2060053500,1984-1988,14.196614931055862,4.755056525417236
Seasonal,2060053500,1985-1989,15.133689695176198,11.669614704299036
Seasonal,2060053500,1986-1990,15.557046128482483,14.793509190186915
Seasonal,2060053500,1998-2002,12.090046681428435,-10.789048681073561
Seasonal,2060053500,1999-2003,14.007553244690133,3.3599938475736737
Seasonal,2060053500,2009-2013,4.695587737505671,-65.35184188264245
Seasonal,2060053500,2010-2014,8.43210952245486,-37.7805121894947
Seasonal,2060053500,2011-2015,10.387761938643713,-23.349996154733482
Seasonal,2060053500,2012-2016,12.394796610278158,-8.540336845343342
Seasonal,2060053500,2013-2017,15.23833023162118,12.441744212873997
Seasonal,2060053500,2014-2018,18.238199315780406,34.577405214181375
Seasonal,2060053500,2015-2019,16.136633800963097,19.07021456586946
Permanent,2060053500,1984-1988,17.74522148969997,-23.059785801437023
Permanent,2060053500,1985-1989,17.822034313763663,-22.726738668715264
Permanent,2060053500,1986-1990,17.884568498890147,-22.45560124723213
Permanent,2060053500,1998-2002,20.964377116369395,-9.102083239188383
Permanent,2060053500,1999-2003,21.280695869467518,-7.730579782186255
Permanent,2060053500,2009-2013,20.730811934921974,-10.114781508427887
Permanent,2060053500,2010-2014,20.807728982627548,-9.781282480003641
Permanent,2060053500,2011-2015,21.604101830213303,-6.328347417416069
Permanent,2060053500,2012-2016,21.82776576568235,-5.3585792399114505
Permanent,2060053500,2013-2017,22.65749017866889,-1.7610375525329025
Permanent,2060053500,2014-2018,22.754105494689306,-1.3421302363414789
Permanent,2060053500,2015-2019,22.736700146495767,-1.4175968186542838
Ephemeral,2060053500,baseline,16.45430746140562,
Seasonal,2060053500,baseline,13.55220015332746,
Permanent,2060053500,baseline,23.0636497110654,
Ephemeral,2060053510,1984-1988,48.24762519248605,-6.168175046366219
Ephemeral,2060053510,1985-1989,48.8700487817783,-4.95768766912265
Ephemeral,2060053510,1986-1990,48.58176618834522,-5.518338721610206
Ephemeral,2060053510,1998-2002,40.62074752717654,-21.0009019874127
Ephemeral,2060053510,1999-2003,43.30659077835895,-15.777482745690206
Ephemeral,2060053510,2009-2013,44.67035713232564,-13.125234364706955
Ephemeral,2060053510,2010-2014,43.23311311083533,-15.920381875120334
Ephemeral,2060053510,2011-2015,41.44755367819051,-19.39293206717272
Ephemeral,2060053510,2012-2016,44.59489921560636,-13.271984676348659
Ephemeral,2060053510,2013-2017,43.922865172780426,-14.578954302682648
Ephemeral,2060053510,2014-2018,41.4082613652027,-19.46934763000274
Ephemeral,2060053510,2015-2019,41.858403274471506,-18.593913105167655
Seasonal,2060053510,1984-1988,10.963180665449222,64.91181312220743
Seasonal,2060053510,1985-1989,11.3208762043727,70.29238849259232
Seasonal,2060053510,1986-1990,11.458764082576593,72.36654385827391
Seasonal,2060053510,1998-2002,14.537113569069556,118.67210159128325
Seasonal,2060053510,1999-2003,15.38028283185829,131.3553343262523
Seasonal,2060053510,2009-2013,12.262015690526262,84.44932194089529
Seasonal,2060053510,2010-2014,14.021831883627346,110.92106294583375
Seasonal,2060053510,2011-2015,17.25370279460582,159.53594105197155
Seasonal,2060053510,2012-2016,14.613822169491375,119.82597789448934
Seasonal,2060053510,2013-2017,17.565227260177576,164.22199576702988
Seasonal,2060053510,2014-2018,20.531536331652255,208.8422042800031
Seasonal,2060053510,2015-2019,21.770442762649747,227.47824723681117
Permanent,2060053510,1984-1988,23.066776420321723,-15.937405044059558
Permanent,2060053510,1985-1989,23.348180253390893,-14.911880887268305
Permanent,2060053510,1986-1990,23.485755460669154,-14.410513521725921
Permanent,2060053510,1998-2002,23.87888703783097,-12.97781829231237
Permanent,2060053510,1999-2003,24.449407253468245,-10.898663020358553
Permanent,2060053510,2009-2013,25.32769988356967,-7.697888179884586
Permanent,2060053510,2010-2014,26.391510596213017,-3.8210270434518687
Permanent,2060053510,2011-2015,27.981442253053824,1.9731844424186809
Permanent,2060053510,2012-2016,28.582708443044954,4.164387724095995
Permanent,2060053510,2013-2017,30.317615185737328,10.486934062594944
Permanent,2060053510,2014-2018,30.925968583376125,12.703965360072928
Permanent,2060053510,2015-2019,30.72075223251939,11.956092373138883
Ephemeral,2060053510,baseline,51.41925483845935,
Seasonal,2060053510,baseline,6.647904997154441,
Permanent,2060053510,baseline,27.440000433500376,
Ephemeral,2060053790,1984-1988,14.282078317395385,-3.3958406767712357
Ephemeral,2060053790,1985-1989,13.875501890431375,-6.145928798026072
Ephemeral,2060053790,1986-1990,13.342085291302482,-9.75396545646809
Ephemeral,2060053790,1998-2002,16.589381301278827,12.21078604159327
Ephemeral,2060053790,1999-2003,16.383956503138332,10.821290095170987
Ephemeral,2060053790,2009-2013,18.534194458712424,25.365526965104028
Ephemeral,2060053790,2010-2014,18.11990548224948,22.56327106097995
Ephemeral,2060053790,2011-2015,16.482760515638176,11.48960169192814
Ephemeral,2060053790,2012-2016,15.318478212224957,3.6143813887910268
Ephemeral,2060053790,2013-2017,12.993352985580472,-12.112795206203685
Ephemeral,2060053790,2014-2018,12.258263639418672,-17.08494888967215
Ephemeral,2060053790,2015-2019,12.25273978639917,-17.122312301727117
Seasonal,2060053790,1984-1988,11.49680571186187,38.32716784751394
Seasonal,2060053790,1985-1989,11.941006873543648,43.67170355508182
Seasonal,2060053790,1986-1990,12.585421651272048,51.42516772211425
Seasonal,2060053790,1998-2002,7.419055723405846,-10.73546930842058
Seasonal,2060053790,1999-2003,7.701606016535666,-7.335883127468813
Seasonal,2060053790,2009-2013,5.6364145527335925,-32.18383597717726
Seasonal,2060053790,2010-2014,7.453657972509163,-10.319142265972815
Seasonal,2060053790,2011-2015,9.92282027222831,19.38930340460214
Seasonal,2060053790,2012-2016,11.4443812199975,37.69640729826318
Seasonal,2060053790,2013-2017,14.284475461158564,71.86782870399394
Seasonal,2060053790,2014-2018,15.386327803087179,85.12508621230165
Seasonal,2060053790,2015-2019,16.242003902901214,95.42040253307417
Permanent,2060053790,1984-1988,45.92739847700981,-8.609529735054707
Permanent,2060053790,1985-1989,46.162422789443504,-8.141857209519374
Permanent,2060053790,1986-1990,46.30218669320119,-7.863742417172194
Permanent,2060053790,1998-2002,46.296558616539805,-7.874941670555311
Permanent,2060053790,1999-2003,46.68124807870955,-7.10945196246177
Permanent,2060053790,2009-2013,44.1180760540169,-12.209882304142736
Permanent,2060053790,2010-2014,44.16768650755058,-12.111162959506457
Permanent,2060053790,2011-2015,45.57116206907259,-9.318400995489243
Permanent,2060053790,2012-2016,45.63140333407777,-9.198527505573761
Permanent,2060053790,2013-2017,49.13092055739758,-2.2348732306735832
Permanent,2060053790,2014-2018,49.064113202954125,-2.367812516202689
Permanent,2060053790,2015-2019,48.55883698713215,-3.373256597708359
Ephemeral,2060053790,baseline,14.784123600319159,
Seasonal,2060053790,baseline,8.311314321518868,
Permanent,2060053790,baseline,50.25403452226924,
Ephemeral,2060053800,1984-1988,7.298364746111733,8.256937466182253
Ephemeral,2060053800,1985-1989,7.341826004774639,8.901600061838137
Ephemeral,2060053800,1986-1990,7.232182733519539,7.275257014763843
Ephemeral,2060053800,1998-2002,7.055836331462859,4.659503748937139
Ephemeral,2060053800,1999-2003,7.315561647021515,8.51201978820436
Ephemeral,2060053800,2009-2013,7.31358139782584,8.482646672335097
Ephemeral,2060053800,2010-2014,6.863752159482678,1.810311509623485
Ephemeral,2060053800,2011-2015,6.198805324304418,-8.052871608564644
Ephemeral,2060053800,2012-2016,5.868103708627205,-12.958181958723097
Ephemeral,2060053800,2013-2017,4.955521500348076,-26.49455051402958
Ephemeral,2060053800,2014-2018,4.6573376609366335,-30.917523382546236
Ephemeral,2060053800,2015-2019,4.73748564154041,-29.72868516657651
Seasonal,2060053800,1984-1988,3.9982273497035146,6.947309729579028
Seasonal,2060053800,1985-1989,4.032933822448713,7.875662113186508
Seasonal,2060053800,1986-1990,4.3990714763642655,17.669361583495956
Seasonal,2060053800,1998-2002,3.733290852050986,-0.13939224979089643
Seasonal,2060053800,1999-2003,4.073059924571539,8.948982436576541
Seasonal,2060053800,2009-2013,3.6741960471064585,-1.7201003624198827
Seasonal,2060053800,2010-2014,4.274941118888197,14.349038193476407
Seasonal,2060053800,2011-2015,5.117589263467545,36.88876498466684
Seasonal,2060053800,2012-2016,5.644543996800035,50.98410928352383
Seasonal,2060053800,2013-2017,6.7546300064369715,80.67744633398384
Seasonal,2060053800,2014-2018,7.2149858326097585,92.99135768051299
Seasonal,2060053800,2015-2019,7.667837556567369,105.10454418734325
Permanent,2060053800,1984-1988,16.01229499620327,-9.320348236682868
Permanent,2060053800,1985-1989,16.109952548642458,-8.767301165707522
Permanent,2060053800,1986-1990,16.066803960905183,-9.011657075402086
Permanent,2060053800,1998-2002,16.325591263686942,-7.546111848900685
Permanent,2060053800,1999-2003,16.317253372336744,-7.593330382174998
Permanent,2060053800,2009-2013,16.538311716758855,-6.3414490187398656
Permanent,2060053800,2010-2014,16.738838003731107,-5.20584329349271
Permanent,2060053800,2011-2015,17.63776691492429,-0.11509517485614443
Permanent,2060053800,2012-2016,17.87956576408002,1.2542422900988544
Permanent,2060053800,2013-2017,18.355138241966916,3.947469381732316
Permanent,2060053800,2014-2018,18.57484167904462,5.191677733510374
Permanent,2060053800,2015-2019,18.462384369458835,4.5548177659731435
Ephemeral,2060053800,baseline,6.741706274844165,
Seasonal,2060053800,baseline,3.738502034144859,
Permanent,2060053800,baseline,17.658090525090397,
Ephemeral,2060054000,1984-1988,10.988611234067324,14.043266630611148
Ephemeral,2060054000,1985-1989,10.299484513973491,6.891292590589515
Ephemeral,2060054000,1986-1990,8.487035381724283,-11.918875067604102
Ephemeral,2060054000,1998-2002,19.267303555678545,99.96214169821528
Ephemeral,2060054000,1999-2003,21.189708630108488,119.91346673877779
Ephemeral,2060054000,2009-2013,16.998042201080384,76.41103299080586
Ephemeral,2060054000,2010-2014,16.437527455063346,70.59383450513789
Ephemeral,2060054000,2011-2015,14.547327485973549,50.97674418604653
Ephemeral,2060054000,2012-2016,12.910286743004121,33.987020010816664
Ephemeral,2060054000,2013-2017,11.356624913536672,17.862628447809637
Ephemeral,2060054000,2014-2018,9.849238381062818,2.218496484586259
Ephemeral,2060054000,2015-2019,9.344483283450232,-3.020010816657628
Seasonal,2060054000,1984-1988,17.333642327925837,204.09946973852632
Seasonal,2060054000,1985-1989,22.207139822116346,289.59956116291835
Seasonal,2060054000,1986-1990,24.024174794608165,321.47741817516925
Seasonal,2060054000,1998-2002,13.378980460527103,134.7193271164747
Seasonal,2060054000,1999-2003,10.431744315515996,83.01334796123602
Seasonal,2060054000,2009-2013,10.276659536402324,80.29255805448896
Seasonal,2060054000,2010-2014,11.78956992189568,106.8348875479978
Seasonal,2060054000,2011-2015,14.992153989506585,163.02066191259823
Seasonal,2060054000,2012-2016,17.8713320963717,213.53263850795386
Seasonal,2060054000,2013-2017,22.53513162310474,295.3538123971475
Seasonal,2060054000,2014-2018,24.336741496598695,326.9610532089962
Seasonal,2060054000,2015-2019,23.682425472891936,315.4818065459865
Permanent,2060054000,1984-1988,107.41934718471725,3.6951108472887935
Permanent,2060054000,1985-1989,112.85033693931034,8.937807804333255
Permanent,2060054000,1986-1990,113.17405557098178,9.250303088230106
Permanent,2060054000,1998-2002,108.7111992257885,4.942174287050958
Permanent,2060054000,1999-2003,108.4169758847684,4.658151689999842
Permanent,2060054000,2009-2013,92.83502030587722,-10.383576390810262
Permanent,2060054000,2010-2014,92.25720443530852,-10.941359344423931
Permanent,2060054000,2011-2015,100.42312677640832,-3.0585501063952836
Permanent,2060054000,2012-2016,99.9337967777936,-3.530914999471791
Permanent,2060054000,2013-2017,112.97947003159656,9.062463843209075
Permanent,2060054000,2014-2018,113.12110996090803,9.199193106189032
Permanent,2060054000,2015-2019,114.062770565271,10.108206271033836
Ephemeral,2060054000,baseline,9.635475691572127,
Seasonal,2060054000,baseline,5.699990974278848,
Permanent,2060054000,baseline,103.59152548948342,
Ephemeral,2060054130,1984-1988,0.0038562747494664006,640.0
Ephemeral,2060054130,1985-1989,0.005211182093873514,900.0
Ephemeral,2060054130,1986-1990,0.005211182093873513,899.9999999999998
Ephemeral,2060054130,1998-2002,0.002084472837549406,300.0000000000001
Ephemeral,2060054130,1999-2003,0.0029182619725691677,459.99999999999994
Ephemeral,2060054130,2009-2013,0.003647827465711461,600.0000000000002
Ephemeral,2060054130,2010-2014,0.002501367405059288,380.0000000000003
Ephemeral,2060054130,2011-2015,0.002501367405059288,380.0000000000003
Ephemeral,2060054130,2012-2016,0.0023971437631818172,360.0000000000001
Ephemeral,2060054130,2013-2017,0.0017718019119169956,240.0000000000001
Ephemeral,2060054130,2014-2018,0.0018760255537944657,260.0000000000001
Ephemeral,2060054130,2015-2019,0.0021886964794268766,320.00000000000017
Seasonal,2060054130,1984-1988,0.004168945675098812,100.00000000000004
Seasonal,2060054130,1985-1989,0.005836523945138336,180.00000000000003
Seasonal,2060054130,1986-1990,0.005106958451996044,145.0
Seasonal,2060054130,1998-2002,0.0059407475870158055,184.99999999999997
Seasonal,2060054130,1999-2003,0.005315405735750983,154.99999999999994
Seasonal,2060054130,2009-2013,0.005106958451996044,145.0
Seasonal,2060054130,2010-2014,0.006878760363913039,229.99999999999997
Seasonal,2060054130,2011-2015,0.006878760363913039,229.99999999999997
Seasonal,2060054130,2012-2016,0.0061491948707707465,194.99999999999997
Seasonal,2060054130,2013-2017,0.005940747587015806,185.0
Seasonal,2060054130,2014-2018,0.004898511168241103,135.0
Seasonal,2060054130,2015-2019,0.0031267092563241074,49.99999999999995
Permanent,2060054130,1984-1988,0.029807961576956497,-7.7419354838709555
Permanent,2060054130,1985-1989,0.031058645279486142,-3.8709677419354667
Permanent,2060054130,1986-1990,0.030224856144466385,-6.451612903225774
Permanent,2060054130,1998-2002,0.03220510534013831,-0.32258064516128443
Permanent,2060054130,1999-2003,0.03199665805638337,-0.9677419354838748
Permanent,2060054130,2009-2013,0.023762990348063222,-26.451612903225797
Permanent,2060054130,2010-2014,0.0231376484967984,-28.387096774193537
Permanent,2060054130,2011-2015,0.03178821077262843,-1.6129032258064435
Permanent,2060054130,2012-2016,0.03251777626577072,0.6451612903225904
Permanent,2060054130,2013-2017,0.03481069638707507,7.741935483870977
Permanent,2060054130,2014-2018,0.035957156447727234,11.290322580645148
Permanent,2060054130,2015-2019,0.03762473471776677,16.45161290322583
Ephemeral,2060054130,baseline,0.0005211182093873514,
Seasonal,2060054130,baseline,0.0020844728375494057,
Permanent,2060054130,baseline,0.03230932898201578,
Ephemeral,2060054140,1984-1988,1.5922245769621135,-37.47902598731328
Ephemeral,2060054140,1985-1989,1.9887955343058876,-21.907100470636387
Ephemeral,2060054140,1986-1990,1.7330307171385755,-31.950071618579916
Ephemeral,2060054140,1998-2002,3.0317615185737323,19.046449764681793
Ephemeral,2060054140,1999-2003,3.1797590900397403,24.857785962758328
Ephemeral,2060054140,2009-2013,2.6605169062061833,4.468999386126443
Ephemeral,2060054140,2010-2014,2.5083503890650767,-1.5060364231635108
Ephemeral,2060054140,2011-2015,2.3677526961723694,-7.026805811336209
Ephemeral,2060054140,2012-2016,2.447900676776144,-3.879680785758138
Ephemeral,2060054140,2013-2017,2.4845873987170135,-2.439124207080022
Ephemeral,2060054140,2014-2018,2.531904932129385,-0.5811336198076608
Ephemeral,2060054140,2015-2019,2.6495734238090494,4.039287906691224
Seasonal,2060054140,1984-1988,2.2821850861909665,1207.2835820895523
Seasonal,2060054140,1985-1989,2.2639459488624096,1196.8358208955226
Seasonal,2060054140,1986-1990,2.4113181784771522,1281.2537313432836
Seasonal,2060054140,1998-2002,1.2029492745497623,589.0746268656717
Seasonal,2060054140,1999-2003,1.0609966743126475,507.76119402985074
Seasonal,2060054140,2009-2013,1.6837329345305325,864.4776119402985
Seasonal,2060054140,2010-2014,1.8307924932196429,948.7164179104477
Seasonal,2060054140,2011-2015,2.0252738089630022,1060.1194029850744
Seasonal,2060054140,2012-2016,2.200577974600907,1160.5373134328356
Seasonal,2060054140,2013-2017,2.3242914375094643,1231.4029850746265
Seasonal,2060054140,2014-2018,2.4411261400541084,1298.328358208955
Seasonal,2060054140,2015-2019,2.354724740937686,1248.8358208955224
Permanent,2060054140,1984-1988,27.999160272173004,6.670769719470298
Permanent,2060054140,1985-1989,28.730080672659703,9.455419007722995
Permanent,2060054140,1986-1990,28.864633394323523,9.968035895094214
Permanent,2060054140,1998-2002,28.10859509614434,7.08769282693717
Permanent,2060054140,1999-2003,28.025320406284244,6.7704341956361755
Permanent,2060054140,2009-2013,27.990926604464676,6.63940121900371
Permanent,2060054140,2010-2014,28.01052064913764,6.714050308721589
Permanent,2060054140,2011-2015,28.658270583406118,9.181838035299448
Permanent,2060054140,2012-2016,28.672132327775824,9.234648295578598
Permanent,2060054140,2013-2017,28.67379990604586,9.241001409597132
Permanent,2060054140,2014-2018,28.559258123622516,8.80462189044843
Permanent,2060054140,2015-2019,28.573536762559733,8.85902042923222
Ephemeral,2060054140,baseline,2.546704689275986,
Seasonal,2060054140,baseline,0.17457460014476273,
Permanent,2060054140,baseline,26.248203088631506,
Ephemeral,2060054780,1984-1988,0.0005211182093873514,-87.5
Ephemeral,2060054780,1985-1989,0.001771801911916995,-57.49999999999999
Ephemeral,2060054780,1986-1990,0.001771801911916995,-57.49999999999999
Ephemeral,2060054780,1998-2002,0.004794287526363633,14.999999999999995
Ephemeral,2060054780,1999-2003,0.005211182093873514,24.999999999999993
Ephemeral,2060054780,2009-2013,0.004273169316976282,2.500000000000016
Ephemeral,2060054780,2010-2014,0.005419629377628456,30.00000000000003
Ephemeral,2060054780,2011-2015,0.005211182093873515,25.000000000000018
Ephemeral,2060054780,2012-2016,0.004377392958853752,5.0000000000000115
Ephemeral,2060054780,2013-2017,0.004064722033221342,-2.4999999999999742
Ephemeral,2060054780,2014-2018,0.0031267092563241096,-24.999999999999975
Ephemeral,2060054780,2015-2019,0.0025013674050592886,-39.99999999999996
Seasonal,2060054780,1984-1988,0.005732300303260865,266.6666666666666
Seasonal,2060054780,1985-1989,0.004481616600731222,186.66666666666657
Seasonal,2060054780,1986-1990,0.0045858402426086926,193.33333333333326
Seasonal,2060054780,1998-2002,0.0016675782700395245,6.6666666666666385
Seasonal,2060054780,1999-2003,0.001146460060652173,-26.666666666666693
Seasonal,2060054780,2009-2013,0.0010422364187747024,-33.33333333333338
Seasonal,2060054780,2010-2014,0.001250683702529643,-20.000000000000043
Seasonal,2060054780,2011-2015,0.0013549073444071133,-13.333333333333375
Seasonal,2060054780,2012-2016,0.0018760255537944646,19.999999999999947
Seasonal,2060054780,2013-2017,0.0022929201213043463,46.66666666666664
Seasonal,2060054780,2014-2018,0.003335156540079049,113.33333333333329
Seasonal,2060054780,2015-2019,0.0038562747494664006,146.66666666666663
Permanent,2060054780,1984-1988,0.0004168945675098811,-20.000000000000004
Permanent,2060054780,1985-1989,0.0004168945675098811,-20.000000000000004
Permanent,2060054780,1986-1990,0.00031267092563241086,-40.0
Permanent,2060054780,1998-2002,0.00031267092563241086,-40.0
Permanent,2060054780,1999-2003,0.00031267092563241086,-40.0
Permanent,2060054780,2009-2013,0.0004168945675098811,-20.000000000000004
Permanent,2060054780,2010-2014,0.0005211182093873514,0.0
Permanent,2060054780,2011-2015,0.0006253418512648217,20.000000000000004
Permanent,2060054780,2012-2016,0.0009380127768972327,80.00000000000004
Permanent,2060054780,2013-2017,0.0008337891350197624,60.00000000000003
Permanent,2060054780,2014-2018,0.0007295654931422921,40.00000000000003
Permanent,2060054780,2015-2019,0.0008337891350197627,60.00000000000008
Ephemeral,2060054780,baseline,0.004168945675098811,
Seasonal,2060054780,baseline,0.0015633546281620546,
Permanent,2060054780,baseline,0.0005211182093873514,
Ephemeral,2060054790,1984-1988,0.1371583127107509,35.67010309278352
Ephemeral,2060054790,1985-1989,0.11308265143705527,11.855670103092796
Ephemeral,2060054790,1986-1990,0.11068550767387345,9.484536082474229
Ephemeral,2060054790,1998-2002,0.2651449449362843,162.26804123711332
Ephemeral,2060054790,1999-2003,0.2581619609304938,155.36082474226797
Ephemeral,2060054790,2009-2013,0.14903980788478247,47.42268041237109
Ephemeral,2060054790,2010-2014,0.1335104852450394,32.06185567010304
Ephemeral,2060054790,2011-2015,0.12871619771867576,27.31958762886594
Ephemeral,2060054790,2012-2016,0.10620389107314217,5.051546391752525
Ephemeral,2060054790,2013-2017,0.10766302205942675,6.49484536082469
Ephemeral,2060054790,2014-2018,0.09849134157420936,-2.577319587628928
Ephemeral,2060054790,2015-2019,0.10443208916122519,3.2989690721649145
Seasonal,2060054790,1984-1988,0.17936888767112633,24.259927797833907
Seasonal,2060054790,1985-1989,0.21678517510513817,50.180505415162436
Seasonal,2060054790,1986-1990,0.23669189070373498,63.97111913357397
Seasonal,2060054790,1998-2002,0.1291330922861856,-10.541516245487419
Seasonal,2060054790,1999-2003,0.12996688142120535,-9.963898916967574
Seasonal,2060054790,2009-2013,0.16456913052452551,14.00722021660645
Seasonal,2060054790,2010-2014,0.19573199944588912,35.595667870036046
Seasonal,2060054790,2011-2015,0.22845822299541477,58.26714801444036
Seasonal,2060054790,2012-2016,0.2633731430243673,82.45487364620931
Seasonal,2060054790,2013-2017,0.2765053219009286,91.55234657039705
Seasonal,2060054790,2014-2018,0.2870319097305531,98.84476534296023
Seasonal,2060054790,2015-2019,0.2860938969536559,98.19494584837541
Permanent,2060054790,1984-1988,4.204173266053396,-7.904109589041089
Permanent,2060054790,1985-1989,4.231584083867171,-7.303652968036524
Permanent,2060054790,1986-1990,4.393860294270391,-3.748858447488595
Permanent,2060054790,1998-2002,4.076290857469739,-10.705479452054814
Permanent,2060054790,1999-2003,4.079104895800431,-10.643835616438363
Permanent,2060054790,2009-2013,4.467963303645273,-2.1255707762557186
Permanent,2060054790,2010-2014,4.526120095812901,-0.8515981735159864
Permanent,2060054790,2011-2015,4.531539725190529,-0.73287671232878
Permanent,2060054790,2012-2016,4.5320608433999165,-0.721461187214629
Permanent,2060054790,2013-2017,4.536959354568158,-0.6141552511415542
Permanent,2060054790,2014-2018,4.53893960376383,-0.5707762557077685
Permanent,2060054790,2015-2019,4.537272025493791,-0.6073059360730598
Ephemeral,2060054790,baseline,0.10109693262114618,
Seasonal,2060054790,baseline,0.14434974400029635,
Permanent,2060054790,baseline,4.564995514233198,
Ephemeral,2060055310,1984-1988,3.917766698174108,-11.812316715542513
Ephemeral,2060055310,1985-1989,3.4375041564027256,-22.622873900293236
Ephemeral,2060055310,1986-1990,3.3669447508516783,-24.21114369501464
Ephemeral,2060055310,1998-2002,5.671746367330056,27.669208211143715
Ephemeral,2060055310,1999-2003,5.939705350597032,33.70087976539592
Ephemeral,2060055310,2009-2013,8.122356858795014,82.8316715542522
Ephemeral,2060055310,2010-2014,7.7484024317386515,74.41407624633433
Ephemeral,2060055310,2011-2015,6.866774645097131,54.56891495601176
Ephemeral,2060055310,2012-2016,5.815262322195333,30.899706744868073
Ephemeral,2060055310,2013-2017,4.878500229000631,9.813489736070427
Ephemeral,2060055310,2014-2018,4.459833859578832,0.38944281524929275
Ephemeral,2060055310,2015-2019,5.064747877035671,14.005865102639367
Seasonal,2060055310,1984-1988,6.703664645558888,88.23529411764702
Seasonal,2060055310,1985-1989,7.575808080789559,112.72461223295282
Seasonal,2060055310,1986-1990,9.037231987195447,153.7606087211003
Seasonal,2060055310,1998-2002,4.737589865182289,33.02897278314309
Seasonal,2060055310,1999-2003,4.290678888811696,20.479953175299936
Seasonal,2060055310,2009-2013,4.886421225783317,37.208077260755026
Seasonal,2060055310,2010-2014,6.095728142487603,71.16476441322791
Seasonal,2060055310,2011-2015,7.58028969739029,112.85045361428148
Seasonal,2060055310,2012-2016,9.681334093998213,171.8466491074041
Seasonal,2060055310,2013-2017,11.070947911150522,210.8662569505413
Seasonal,2060055310,2014-2018,12.208132067675601,242.79777582674848
Seasonal,2060055310,2015-2019,12.090463575995937,239.49370793093343
Permanent,2060055310,1984-1988,125.86213750950314,-5.198396966640098
Permanent,2060055310,1985-1989,126.11863189216358,-5.005200830562835
Permanent,2060055310,1986-1990,130.95679757175765,-1.3610082938528039
Permanent,2060055310,1998-2002,126.32416091394593,-4.850392711771953
Permanent,2060055310,1999-2003,126.00732104263844,-5.089042144390764
Permanent,2060055310,2009-2013,126.47330494547259,-4.738054771614868
Permanent,2060055310,2010-2014,129.2281442475779,-2.6630607574764573
Permanent,2060055310,2011-2015,132.813333304521,0.037367476949514415
Permanent,2060055310,2012-2016,132.29732205358565,-0.3513013851872573
Permanent,2060055310,2013-2017,132.39758519707178,-0.27578140025984926
Permanent,2060055310,2014-2018,131.99767908318793,-0.5769978058382728
Permanent,2060055310,2015-2019,131.23674227384055,-1.1501489596376073
Ephemeral,2060055310,baseline,4.442532735027171,
Seasonal,2060055310,baseline,3.56132184295316,
Permanent,2060055310,baseline,132.76372285098734,
Ephemeral,2060055320,1984-1988,1.2604807248661254,39.653579676674376
Ephemeral,2060055320,1985-1989,1.20013523621907,32.96766743648961
Ephemeral,2060055320,1986-1990,1.013470693616521,12.286374133949213
Ephemeral,2060055320,1998-2002,1.5937879315902754,76.5819861431871
Ephemeral,2060055320,1999-2003,1.5926414715296233,76.4549653579677
Ephemeral,2060055320,2009-2013,1.4377651396997027,59.29561200923793
Ephemeral,2060055320,2010-2014,1.3752309545732202,52.367205542725195
Ephemeral,2060055320,2011-2015,1.2274418303909673,35.9930715935335
Ephemeral,2060055320,2012-2016,1.0540136903068569,16.77829099307161
Ephemeral,2060055320,2013-2017,1.0371294603227068,14.907621247113195
Ephemeral,2060055320,2014-2018,1.0601628851776277,17.459584295612036
Ephemeral,2060055320,2015-2019,1.096536936192865,21.489607390300275
Seasonal,2060055320,1984-1988,0.8146119849143079,111.52909336941816
Seasonal,2060055320,1985-1989,1.0084679588064025,161.86738836265224
Seasonal,2060055320,1986-1990,1.1294716070261455,193.28822733423544
Seasonal,2060055320,1998-2002,0.638474030141383,65.79161028416782
Seasonal,2060055320,1999-2003,0.6137730270164227,59.377537212449305
Seasonal,2060055320,2009-2013,0.9833500611139321,155.34506089309878
Seasonal,2060055320,2010-2014,1.227962948600355,218.86332882273342
Seasonal,2060055320,2011-2015,1.4231738298368568,269.55345060893103
Seasonal,2060055320,2012-2016,1.9126080520934572,396.6441136671178
Seasonal,2060055320,2013-2017,2.248937744432054,483.9783491204331
Seasonal,2060055320,2014-2018,2.336902498176639,506.8200270635995
Seasonal,2060055320,2015-2019,2.3112634822747813,500.1623815967525
Permanent,2060055320,1984-1988,7.7909256776246565,-27.842077320334006
Permanent,2060055320,1985-1989,8.115165427505469,-24.839036633042134
Permanent,2060055320,1986-1990,8.621900774313728,-20.14575993049858
Permanent,2060055320,1998-2002,8.948224997032089,-17.123413292147298
Permanent,2060055320,1999-2003,9.13395152685774,-15.403253052753518
Permanent,2060055320,2009-2013,10.847492422965223,0.46720401563776187
Permanent,2060055320,2010-2014,11.102215003713761,2.826391235098169
Permanent,2060055320,2011-2015,11.46939489404809,6.227134514213968
Permanent,2060055320,2012-2016,11.447299481970067,6.022491432984181
Permanent,2060055320,2013-2017,11.35683336082042,5.184613157005594
Permanent,2060055320,2014-2018,11.29513296482896,4.613157005646959
Permanent,2060055320,2015-2019,11.275017801946612,4.426854577923646
Ephemeral,2060055320,baseline,0.9025767386588924,
Seasonal,2060055320,baseline,0.3851063567372527,
Permanent,2060055320,baseline,10.797048180296533,
Ephemeral,2060055600,1984-1988,2.586726567756935,-29.048027444253876
Ephemeral,2060055600,1985-1989,2.485629635135789,-31.821040594625504
Ephemeral,2060055600,1986-1990,2.4122561912540497,-33.833619210977716
Ephemeral,2060055600,1998-2002,5.350945997631201,46.77244139508285
Ephemeral,2060055600,1999-2003,5.048697436186537,38.481989708404754
Ephemeral,2060055600,2009-2013,4.393234952419125,20.50314465408797
Ephemeral,2060055600,2010-2014,3.9786333050305487,9.130931961120563
Ephemeral,2060055600,2011-2015,3.7866533566922485,3.8650657518581295
Ephemeral,2060055600,2012-2016,3.349018284448751,-8.13893653516302
Ephemeral,2060055600,2013-2017,2.695952944444522,-26.052029731275084
Ephemeral,2060055600,2014-2018,2.6739617560083757,-26.655231560892005
Ephemeral,2060055600,2015-2019,2.9911142982415186,-17.95597484276734
Seasonal,2060055600,1984-1988,3.5455840730296613,141.86988979736935
Seasonal,2060055600,1985-1989,3.7704986922012425,157.21293992179173
Seasonal,2060055600,1986-1990,4.184058103171044,185.42481336651264
Seasonal,2060055600,1998-2002,2.0907262560620534,42.62353359402771
Seasonal,2060055600,1999-2003,2.0729040133010064,41.40774973338075
Seasonal,2060055600,2009-2013,3.3894570574972107,131.21933878421615
Seasonal,2060055600,2010-2014,3.927667944152467,167.93458940632772
Seasonal,2060055600,2011-2015,4.5731249582996405,211.9658727337362
Seasonal,2060055600,2012-2016,5.004298164746735,241.37931034482753
Seasonal,2060055600,2013-2017,6.065190615417505,313.7504443654461
Seasonal,2060055600,2014-2018,6.698766134390647,356.97120511909
Seasonal,2060055600,2015-2019,6.720027757333652,358.42161393530046
Permanent,2060055600,1984-1988,390.20935469085737,0.09456144689439423
Permanent,2060055600,1985-1989,390.1285813684023,0.07384187625736272
Permanent,2060055600,1986-1990,390.21560810937,0.09616554268564641
Permanent,2060055600,1998-2002,378.56694855129274,-2.8918906274019585
Permanent,2060055600,1999-2003,379.0567996681169,-2.766236457087069
Permanent,2060055600,2009-2013,384.4211905155504,-1.3901896174899453
Permanent,2060055600,2010-2014,384.5096763875043,-1.3674916620437154
Permanent,2060055600,2011-2015,384.65121209317397,-1.3311856273016651
Permanent,2060055600,2012-2016,384.917399274529,-1.2629046164539806
Permanent,2060055600,2013-2017,389.73107239828187,-0.028125146206602936
Permanent,2060055600,2014-2018,389.35159411820604,-0.1254670258058362
Permanent,2060055600,2015-2019,389.10739812528726,-0.18810696645425684
Ephemeral,2060055600,baseline,3.6457429928739113,
Seasonal,2060055600,baseline,1.4659055230066194,
Permanent,2060055600,baseline,389.8407156695368,
Ephemeral,2060055610,1984-1988,3.754969369561499,-33.77814539104861
Ephemeral,2060055610,1985-1989,3.5590289228318546,-37.23371013693595
Ephemeral,2060055610,1986-1990,3.8600268005739893,-31.925374506019665
Ephemeral,2060055610,1998-2002,8.420123803638948,48.4955426890911
Ephemeral,2060055610,1999-2003,8.056383293486576,42.08069111294919
Ephemeral,2060055610,2009-2013,7.959351082898651,40.3694513371933
Ephemeral,2060055610,2010-2014,7.464288783980668,31.638636154765216
Ephemeral,2060055610,2011-2015,7.376428253877959,30.089146218178485
Ephemeral,2060055610,2012-2016,6.144504806886262,8.363201911589044
Ephemeral,2060055610,2013-2017,5.641000392976204,-0.5164966455288624
Ephemeral,2060055610,2014-2018,5.569815645573891,-1.771895965444311
Ephemeral,2060055610,2015-2019,5.9877524495025485,5.598750114879211
Seasonal,2060055610,1984-1988,6.749731495268731,213.92147358216192
Seasonal,2060055610,1985-1989,6.526380230725311,203.53368880271447
Seasonal,2060055610,1986-1990,7.060526395347347,228.37615123606398
Seasonal,2060055610,1998-2002,3.9465324233322905,83.54823073194379
Seasonal,2060055610,1999-2003,3.985720512678219,85.3708191953466
Seasonal,2060055610,2009-2013,4.889235264114008,127.39214735821618
Seasonal,2060055610,2010-2014,5.799316104988079,169.71885603490063
Seasonal,2060055610,2011-2015,6.287186972616517,192.409112942317
Seasonal,2060055610,2012-2016,7.860234399473176,265.5695588948133
Seasonal,2060055610,2013-2017,9.416084925420051,337.9301987396994
Seasonal,2060055610,2014-2018,10.907837911612283,407.3097430925835
Seasonal,2060055610,2015-2019,11.566010210068509,437.9205041202132
Permanent,2060055610,1984-1988,56.840864465283474,10.721224609949939
Permanent,2060055610,1985-1989,57.885602251463226,12.756285972409694
Permanent,2060055610,1986-1990,57.770122456262996,12.53134104128387
Permanent,2060055610,1998-2002,48.03969902694049,-6.422705632759156
Permanent,2060055610,1999-2003,49.741462651515825,-3.1078131820166144
Permanent,2060055610,2009-2013,56.56831964177387,10.190330210226005
Permanent,2060055610,2010-2014,56.847326331079856,10.733811781186182
Permanent,2060055610,2011-2015,58.01327621276312,13.00498411377173
Permanent,2060055610,2012-2016,59.51440932672432,15.929065199516753
Permanent,2060055610,2013-2017,60.298796455494156,17.45698537248884
Permanent,2060055610,2014-2018,59.587470099680424,16.071381442043116
Permanent,2060055610,2015-2019,58.87656063843421,14.686589587161048
Ephemeral,2060055610,baseline,5.67028723634377,
Seasonal,2060055610,baseline,2.150133731932212,
Permanent,2060055610,baseline,51.336918161376154,
Ephemeral,2060059370,1984-1988,4.94311888696466,-2.6718653806689767
Ephemeral,2060059370,1985-1989,4.279735406414562,-15.733634311512395
Ephemeral,2060059370,1986-1990,3.6972294719613807,-27.202955058485518
Ephemeral,2060059370,1998-2002,4.764479564786677,-6.1892058280319855
Ephemeral,2060059370,1999-2003,4.8823565037500956,-3.86825364251998
Ephemeral,2060059370,2009-2013,5.995881893568987,18.056638620972713
Ephemeral,2060059370,2010-2014,5.444747275320924,7.205007182433823
Ephemeral,2060059370,2011-2015,6.181816870678394,21.71762774471579
Ephemeral,2060059370,2012-2016,9.372310995831516,84.53724604966145
Ephemeral,2060059370,2013-2017,12.429503083023352,144.7321978247487
Ephemeral,2060059370,2014-2018,15.560902403231944,206.38826185101587
Ephemeral,2060059370,2015-2019,18.956195984674295,273.24030371434446
Seasonal,2060059370,1984-1988,4.638473181756815,211.22377622377627
Seasonal,2060059370,1985-1989,5.506030776744877,269.43356643356645
Seasonal,2060059370,1986-1990,6.472809278800291,334.3006993006993
Seasonal,2060059370,1998-2002,3.0201926943253334,102.64335664335664
Seasonal,2060059370,1999-2003,3.0874169433363017,107.15384615384616
Seasonal,2060059370,2009-2013,4.487140453750728,201.06993006993008
Seasonal,2060059370,2010-2014,5.750747887873176,285.8531468531468
Seasonal,2060059370,2011-2015,6.198701100662543,315.9090909090908
Seasonal,2060059370,2012-2016,6.4460238028377805,332.5034965034964
Seasonal,2060059370,2013-2017,7.012270849158076,370.49650349650346
Seasonal,2060059370,2014-2018,6.9662039994482345,367.40559440559434
Seasonal,2060059370,2015-2019,6.03079681359794,304.64335664335664
Permanent,2060059370,1984-1988,29.9481423752817,10.583232311570368
Permanent,2060059370,1985-1989,30.79829462207623,13.722411437587818
Permanent,2060059370,1986-1990,30.67374737003265,13.262521888048656
Permanent,2060059370,1998-2002,23.403314559944082,-13.583482460697697
Permanent,2060059370,1999-2003,24.51048230760845,-9.4952760299409
Permanent,2060059370,2009-2013,28.72893421259905,6.081317708633988
Permanent,2060059370,2010-2014,28.481715734065688,5.168465816159618
Permanent,2060059370,2011-2015,28.70537966953474,5.994342781273438
Permanent,2060059370,2012-2016,25.71864276425207,-5.034154977005547
Permanent,2060059370,2013-2017,23.435415441642327,-13.464950258808168
Permanent,2060059370,2014-2018,20.587400203698575,-23.98121957320713
Permanent,2060059370,2015-2019,18.32960344970694,-32.31811272104525
Ephemeral,2060059370,baseline,5.0788180686891256,
Seasonal,2060059370,baseline,1.4903980788478248,
Permanent,2060059370,baseline,27.081992223651266,
Ephemeral,Total,1984-1988,277.6903447090755,6.496631472499155
Ephemeral,Total,1985-1989,268.25946002650886,2.879806222232867
Ephemeral,Total,1986-1990,262.0326185425394,0.4917590488581283
Ephemeral,Total,1998-2002,313.65583904815304,20.28970735480159
Ephemeral,Total,1999-2003,322.46773952160936,23.669146846214876
Ephemeral,Total,2009-2013,323.134875053267,23.924999050696776
Ephemeral,Total,2010-2014,307.8796605916617,18.074493321901723
Ephemeral,Total,2011-2015,272.3795248135672,4.4598864433505785
Ephemeral,Total,2012-2016,258.97615602084073,-0.6804205713006685
Ephemeral,Total,2013-2017,238.1608187123561,-8.66328115163471
Ephemeral,Total,2014-2018,231.5108292423641,-11.213609210839254
Ephemeral,Total,2015-2019,239.61880323858009,-8.104131567429498
Seasonal,Total,1984-1988,213.4173965651515,76.94804381170471
Seasonal,Total,1985-1989,240.0495595504596,99.02922940655445
Seasonal,Total,1986-1990,254.1148526927499,110.69100650262482
Seasonal,Total,1998-2002,174.76449562026352,44.90025708051591
Seasonal,Total,1999-2003,182.07484608519115,50.96139471580722
Seasonal,Total,2009-2013,177.77801800150866,47.39882045410355
Seasonal,Total,2010-2014,212.31127105390593,76.0309360755255
Seasonal,Total,2011-2015,249.06177786360445,106.50141502300761
Seasonal,Total,2012-2016,281.6281223464901,133.50273283069413
Seasonal,Total,2013-2017,337.15847873880625,179.54390892004577
Seasonal,Total,2014-2018,364.3119683807855,202.05733543606473
Seasonal,Total,2015-2019,376.1097719703895,211.83909784181986
Permanent,Total,1984-1988,1959.477944963965,-6.417688981892522
Permanent,Total,1985-1989,1999.354639911778,-4.5132259699094766
Permanent,Total,1986-1990,2055.106888437651,-1.8505656042154792
Permanent,Total,1998-2002,2010.4671730560378,-3.9825047461376593
Permanent,Total,1999-2003,2033.6631867922874,-2.8746910157381964
Permanent,Total,2009-2013,2043.5771480549552,-2.401212144139311
Permanent,Total,2010-2014,2054.2526714688224,-1.8913619797293273
Permanent,Total,2011-2015,2131.561704291497,1.800824488975044
Permanent,Total,2012-2016,2127.709077369496,1.6168276587080592
Permanent,Total,2013-2017,2177.693693777512,4.004032848150397
Permanent,Total,2014-2018,2168.3540047815886,3.557980529636044
Permanent,Total,2015-2019,2156.5775670385697,2.99555202035632
Ephemeral,Total,baseline,260.7503550765209,
Seasonal,Total,baseline,120.61020397165557,
Permanent,Total,baseline,2093.855049791216,
